Lat,Lon,Anisotropie,Unnamed: 3
75.616,-36.135999999999996,0.0,
75.616,-36.144,0.0,
75.615,-36.150999999999996,0.0,
75.61399999999999,-36.159,0.0,
75.613,-36.167,0.0,
75.612,-36.174,0.0,
75.612,-36.181999999999995,0.0,
75.611,-36.19,0.0,
75.61,-36.198,0.0,
75.61,-36.205999999999996,0.0,
75.609,-36.214,0.0,
75.608,-36.222,0.0,
75.608,-36.23,0.0,
75.608,-36.238,0.0,
75.608,-36.246,0.0,
75.608,-36.254,0.0,
75.608,-36.262,0.0,
75.609,-36.27,0.0,
75.61,-36.277,0.0,
75.612,-36.283,0.0,
75.613,-36.289,0.0,
75.615,-36.293,0.0,
75.617,-36.296,0.0,
75.619,-36.297,0.0,
75.62100000000001,-36.297,0.0,
75.623,-36.296,0.0,
75.625,-36.293,0.0,
75.627,-36.29,0.36663,
75.62899999999999,-36.285,0.36723,
75.63,-36.28,0.36969,
75.632,-36.274,0.37405,
75.633,-36.266999999999996,0.0,
75.634,-36.26,0.37695,
75.635,-36.253,0.38058000000000003,
75.63600000000001,-36.245,0.38058000000000003,
75.637,-36.238,0.38493,
75.638,-36.23,0.38566,
75.638,-36.223,0.38929,
75.639,-36.215,0.0,
75.64,-36.207,0.39219,
75.641,-36.199,0.40235,
75.641,-36.191,0.40961000000000003,
75.642,-36.183,0.41468999999999995,
75.643,-36.176,0.41686999999999996,
75.643,-36.168,0.41831999999999997,
75.64399999999999,-36.16,0.42195,
75.645,-36.152,0.42268,
75.646,-36.144,0.42268,
75.646,-36.135999999999996,0.42558,
75.64699999999999,-36.129,0.42558,
75.648,-36.121,0.42486,
75.648,-36.113,0.42406000000000005,
75.649,-36.105,0.42631,
75.65,-36.097,0.42631,
75.65100000000001,-36.089,0.42618999999999996,
75.65100000000001,-36.082,0.42631,
75.652,-36.074,0.42631,
75.653,-36.066,0.42486,
75.653,-36.058,0.42123,
75.654,-36.05,0.41831999999999997,
75.655,-36.042,0.4176,
75.656,-36.035,0.41541999999999996,
75.656,-36.027,0.41179,
75.657,-36.019,0.41026999999999997,
75.658,-36.010999999999996,0.40744,
75.658,-36.003,0.40163000000000004,
75.65899999999999,-35.995,0.38929,
75.66,-35.988,0.37985,
75.66,-35.98,0.37259000000000003,
75.661,-35.972,0.353,
75.66199999999999,-35.964,0.34574,
75.663,-35.955999999999996,0.33921,
75.663,-35.948,0.3363,
75.664,-35.94,0.31671,
75.665,-35.931999999999995,0.30509000000000003,
75.665,-35.925,0.2884,
75.666,-35.917,0.25719000000000003,
75.667,-35.909,0.25178,
75.667,-35.900999999999996,0.24686999999999998,
75.668,-35.893,0.23481,
75.669,-35.885,0.22498,
75.67,-35.876999999999995,0.21336999999999998,
75.67,-35.869,0.20801,
75.671,-35.861999999999995,0.2031,
75.672,-35.854,0.19863,
75.672,-35.846,0.1955,
75.673,-35.838,0.19147999999999998,
75.67399999999999,-35.83,0.19238,
75.67399999999999,-35.821999999999996,0.19863,
75.675,-35.814,0.20354,
75.676,-35.806,0.20756,
75.676,-35.798,0.21248000000000003,
75.67699999999999,-35.79,0.21784,
75.67699999999999,-35.782,0.2223,
75.678,-35.774,0.22409,
75.678,-35.766,0.22719,
75.679,-35.758,0.23168000000000002,
75.68,-35.75,0.2357,
75.68,-35.742,0.23883000000000001,
75.681,-35.734,0.23928000000000002,
75.681,-35.726,0.24285,
75.682,-35.718,0.24419000000000002,
75.683,-35.71,0.24464,
75.683,-35.702,0.24598000000000003,
75.684,-35.694,0.23749,
75.685,-35.686,0.22364,
75.685,-35.678000000000004,0.21739,
75.686,-35.67,0.21381999999999998,
75.687,-35.663000000000004,0.21114000000000002,
75.687,-35.655,0.20576,
75.688,-35.647,0.20399,
75.689,-35.639,0.2031,
75.689,-35.631,0.20085999999999998,
75.69,-35.623000000000005,0.19863,
75.691,-35.615,0.19997,
75.692,-35.607,0.20085999999999998,
75.692,-35.599000000000004,0.20131,
75.693,-35.592,0.20354,
75.694,-35.584,0.20667,
75.694,-35.575,0.2156,
75.694,-35.567,0.22141,
75.695,-35.559,0.23079000000000002,
75.695,-35.551,0.23928000000000002,
75.695,-35.542,0.24553000000000003,
75.694,-35.534,0.25268,
75.694,-35.525999999999996,0.2567,
75.694,-35.518,0.26027,
75.693,-35.509,0.26563000000000003,
75.693,-35.501,0.26742,
75.692,-35.493,0.2692,
75.692,-35.485,0.2701,
75.691,-35.477,0.27188,
75.691,-35.469,0.26697,
75.69,-35.46,0.26206,
75.69,-35.452,0.26072,
75.689,-35.444,0.25714000000000004,
75.689,-35.436,0.25625,
75.688,-35.428000000000004,0.25178,
75.688,-35.42,0.23928000000000002,
75.688,-35.411,0.23606999999999997,
75.687,-35.403,0.23703000000000002,
75.687,-35.395,0.23897,
75.686,-35.387,0.24670999999999998,
75.686,-35.379,0.2287,
75.685,-35.37,0.25397,
75.685,-35.361999999999995,0.26123,
75.685,-35.354,0.27609,
75.684,-35.346,0.27768000000000004,
75.684,-35.338,0.2893,
75.683,-35.33,0.30575,
75.683,-35.321,0.3072,
75.682,-35.313,0.31059000000000003,
75.682,-35.305,0.31833,
75.681,-35.297,0.32946,
75.681,-35.289,0.0,
75.68,-35.282,0.0,
75.679,-35.274,0.0,
75.678,-35.266999999999996,0.0,
75.67699999999999,-35.26,0.0,
75.675,-35.253,0.0,
75.67399999999999,-35.247,0.0,
75.673,-35.24,0.0,
75.672,-35.233000000000004,0.0,
75.671,-35.226,0.0,
75.669,-35.219,0.0,
75.668,-35.213,0.0,
75.667,-35.207,0.0,
75.665,-35.202,0.0,
75.663,-35.196999999999996,0.0,
75.661,-35.193000000000005,0.0,
75.65899999999999,-35.19,0.0,
75.657,-35.188,0.0,
75.655,-35.186,0.0,
75.653,-35.186,0.0,
75.65100000000001,-35.186,0.0,
75.649,-35.186,0.0,
75.64699999999999,-35.188,0.0,
75.645,-35.19,0.0,
75.643,-35.193000000000005,0.0,
75.641,-35.196,0.0,
75.639,-35.199,0.0,
75.638,-35.203,0.0,
75.63600000000001,-35.207,0.0,
75.634,-35.211,0.0,
75.632,-35.214,0.0,
75.63,-35.218,0.0,
75.628,-35.222,0.0,
75.627,-35.226,0.0,
75.625,-35.23,0.0,
75.623,-35.234,0.0,
75.62100000000001,-35.238,0.0,
75.619,-35.242,0.0,
75.618,-35.247,0.0,
75.616,-35.251,0.0,
75.61399999999999,-35.255,0.0,
75.612,-35.259,0.0,
75.61,-35.264,0.0,
75.609,-35.268,0.32996,
75.607,-35.272,0.33249,
75.605,-35.277,0.3411,
75.60300000000001,-35.281,0.34717,
75.602,-35.285,0.34898,
75.6,-35.289,0.34615999999999997,
75.598,-35.294000000000004,0.33401,
75.596,-35.298,0.32085,
75.594,-35.302,0.3173,
75.593,-35.306,0.29554,
75.59100000000001,-35.311,0.2844,
75.589,-35.315,0.27731,
75.587,-35.319,0.27478,
75.586,-35.324,0.27225,
75.584,-35.328,0.27174,
75.582,-35.333,0.27478,
75.581,-35.338,0.28031,
75.579,-35.343,0.2779,
75.578,-35.349000000000004,0.27496,
75.57600000000001,-35.356,0.27015,
75.575,-35.363,0.27015,
75.574,-35.37,0.26761999999999997,
75.57300000000001,-35.378,0.26509,
75.57300000000001,-35.385999999999996,0.26205,
75.572,-35.394,0.25497,
75.572,-35.402,0.25244,
75.572,-35.411,0.24953000000000003,
75.57300000000001,-35.419000000000004,0.2447,
75.57300000000001,-35.427,0.22416999999999998,
75.574,-35.435,0.0,
75.574,-35.443000000000005,0.0,
75.575,-35.451,0.0,
75.575,-35.459,0.0,
75.57600000000001,-35.467,0.0,
75.57600000000001,-35.475,0.0,
75.577,-35.483000000000004,0.0,
75.577,-35.491,0.0,
75.578,-35.499,0.0,
75.579,-35.507,0.0,
75.579,-35.515,0.0,
75.58,-35.523,0.0,
75.58,-35.531,0.0,
75.581,-35.539,0.0,
75.582,-35.547,0.0,
75.582,-35.555,0.0,
75.583,-35.562,0.0,
75.584,-35.57,0.0,
75.584,-35.578,0.0,
75.585,-35.586,0.0,
75.586,-35.594,0.0,
75.587,-35.601,0.0,
75.587,-35.609,0.0,
75.58800000000001,-35.617,0.0,
75.589,-35.624,0.0,
75.59,-35.632,0.0,
75.59100000000001,-35.64,0.0,
75.592,-35.647,0.0,
75.592,-35.655,0.0,
75.594,-36.271,0.0,
75.593,-36.274,0.0,
75.592,-36.278,0.0,
75.59100000000001,-36.282,0.0,
75.59100000000001,-36.286,0.0,
75.59,-36.29,0.0,
75.589,-36.293,0.0,
75.58800000000001,-36.297,0.0,
75.58800000000001,-36.301,0.0,
75.587,-36.305,0.0,
75.586,-36.309,0.0,
75.586,-36.313,0.0,
75.585,-36.316,0.0,
75.584,-36.32,0.0,
75.583,-36.324,0.0,
75.583,-36.328,0.0,
75.582,-36.332,0.0,
75.581,-36.336,0.0,
75.581,-36.34,0.0,
75.58,-36.343,0.0,
75.579,-36.347,0.0,
75.578,-36.351,0.0,
75.578,-36.355,0.0,
75.577,-36.359,0.0,
75.57600000000001,-36.363,0.0,
75.57600000000001,-36.367,0.0,
75.575,-36.371,0.0,
75.574,-36.375,0.0,
75.57300000000001,-36.378,0.38594,
75.57300000000001,-36.382,0.38398000000000004,
75.572,-36.385999999999996,0.3822,
75.571,-36.39,0.38327,
75.571,-36.394,0.37971,
75.57,-36.398,0.37701,
75.569,-36.400999999999996,0.37472,
75.568,-36.405,0.37615,
75.568,-36.409,0.37251,
75.567,-36.413000000000004,0.3741,
75.566,-36.417,0.37356999999999996,
75.566,-36.421,0.37579,
75.565,-36.425,0.37398000000000003,
75.564,-36.429,0.37185,
75.564,-36.433,0.3727,
75.563,-36.436,0.37313,
75.562,-36.44,0.37187,
75.561,-36.444,0.379,
75.561,-36.448,0.38006,
75.56,-36.452,0.38968,
75.559,-36.455999999999996,0.39313000000000003,
75.559,-36.46,0.39716,
75.558,-36.464,0.39431,
75.557,-36.467,0.39471,
75.556,-36.471,0.39929000000000003,
75.556,-36.475,0.4057,
75.555,-36.479,0.40784000000000004,
75.554,-36.483000000000004,0.4082,
75.554,-36.486999999999995,0.41461000000000003,
75.553,-36.491,0.4139,
75.55199999999999,-36.495,0.41212,
75.55199999999999,-36.499,0.40819,
75.551,-36.503,0.40499,
75.551,-36.508,0.39573,
75.55,-36.512,0.38897,
75.55,-36.516999999999996,0.37965,
75.55,-36.521,0.37508,
75.54899999999999,-36.525999999999996,0.37437,
75.54899999999999,-36.531,0.36867,
75.54899999999999,-36.535,0.36421,
75.54899999999999,-36.54,0.35441999999999996,
75.54899999999999,-36.545,0.34623000000000004,
75.548,-36.55,0.34801,
75.548,-36.554,0.34097,
75.548,-36.559,0.34409,
75.548,-36.564,0.33826,
75.548,-36.569,0.34196,
75.548,-36.574,0.34351,
75.548,-36.578,0.3439,
75.54899999999999,-36.583,0.3452,
75.54899999999999,-36.588,0.34641,
75.54899999999999,-36.593,0.34671,
75.54899999999999,-36.597,0.34641,
75.54899999999999,-36.602,0.34731,
75.54899999999999,-36.607,0.34881999999999996,
75.54899999999999,-36.611999999999995,0.35184,
75.54899999999999,-36.617,0.35125,
75.54899999999999,-36.621,0.35241,
75.54899999999999,-36.626,0.35667,
75.55,-36.631,0.35628000000000004,
75.55,-36.635999999999996,0.3559,
75.55,-36.64,0.35667,
75.55,-36.645,0.35706,
75.551,-36.649,0.35899000000000003,
75.551,-36.654,0.36519,
75.55199999999999,-36.658,0.37327,
75.55199999999999,-36.662,0.37296999999999997,
75.553,-36.666,0.38106,
75.554,-36.67,0.38866,
75.555,-36.673,0.39681,
75.556,-36.676,0.38764,
75.557,-36.679,0.38198000000000004,
75.558,-36.681,0.38426,
75.559,-36.683,0.38654,
75.56,-36.685,0.38725,
75.561,-36.686,0.38377,
75.562,-36.688,0.37874,
75.563,-36.689,0.36751,
75.565,-36.689,0.36280999999999997,
75.566,-36.69,0.35761,
75.567,-36.69,0.35501,
75.568,-36.689,0.34287,
75.569,-36.689,0.35319,
75.57,-36.688,0.35785,
75.572,-36.687,0.35848,
75.57300000000001,-36.685,0.37409000000000003,
75.574,-36.683,0.37704,
75.575,-36.681,0.38616,
75.57600000000001,-36.679,0.38995,
75.577,-36.676,0.40034000000000003,
75.578,-36.673,0.40965,
75.579,-36.67,0.40444,
75.58,-36.667,0.40878000000000003,
75.581,-36.663000000000004,0.40878000000000003,
75.581,-36.659,0.41051000000000004,
75.582,-36.655,0.41051000000000004,
75.583,-36.650999999999996,0.40965,
75.583,-36.647,0.4081,
75.583,-36.641999999999996,0.40576999999999996,
75.584,-36.638000000000005,0.40358,
75.584,-36.633,0.40288,
75.584,-36.628,0.40145,
75.584,-36.623000000000005,0.40812,
75.584,-36.619,0.41478999999999994,
75.584,-36.614000000000004,0.41146000000000005,
75.584,-36.609,0.41098,
75.583,-36.605,0.41003,
75.583,-36.6,0.41622,
75.583,-36.596,0.40858,
75.582,-36.592,0.40496,
75.581,-36.588,0.39077,
75.58,-36.584,0.38353000000000004,
75.58,-36.580999999999996,0.36482,
75.579,-36.578,0.36663,
75.578,-36.575,0.36303,
75.577,-36.573,0.36572,
75.575,-36.571,0.35903,
75.574,-36.569,0.35436999999999996,
75.57300000000001,-36.568000000000005,0.34981,
75.572,-36.567,0.35065,
75.571,-36.566,0.35606,
75.57,-36.566,0.35878000000000004,
75.568,-36.566,0.36036999999999997,
75.567,-36.567,0.36411,
75.566,-36.568000000000005,0.36664,
75.565,-36.569,0.3679,
75.564,-36.571,0.36874,
75.563,-36.573,0.36874,
75.562,-36.576,0.3679,
75.561,-36.579,0.36832,
75.56,-36.582,0.37,
75.559,-36.586,0.36958,
75.558,-36.589,0.36958,
75.558,-36.593,0.3679,
75.557,-36.597,0.37126,
75.556,-36.601,0.37126,
75.556,-36.606,0.36832,
75.555,-36.61,0.36622,
75.555,-36.614000000000004,0.36663,
75.554,-36.618,0.36664,
75.553,-36.622,0.37355,
75.553,-36.626,0.3687,
75.55199999999999,-36.63,0.37701,
75.551,-36.634,0.38117,
75.55,-36.637,0.38106,
75.55,-36.641,0.38725,
75.54899999999999,-36.644,0.38272,
75.548,-36.647,0.39103000000000004,
75.547,-36.65,0.38878,
75.546,-36.652,0.38772,
75.545,-36.654,0.38472,
75.544,-36.655,0.36553,
75.542,-36.656,0.35444000000000003,
75.541,-36.656,0.33946,
75.54,-36.655,0.33011,
75.539,-36.654,0.33004,
75.538,-36.652,0.32668,
75.53699999999999,-36.65,0.32961999999999997,
75.536,-36.647,0.32878,
75.535,-36.644,0.32542,
75.53399999999999,-36.641,0.325,
75.533,-36.637,0.32668,
75.532,-36.633,0.32752,
75.532,-36.629,0.32752,
75.531,-36.624,0.33004,
75.531,-36.62,0.33257,
75.531,-36.615,0.33593,
75.531,-36.61,0.33719,
75.531,-36.606,0.34278000000000003,
75.531,-36.601,0.34223000000000003,
75.531,-36.596,0.34181999999999996,
75.531,-36.591,0.34731,
75.532,-36.586999999999996,0.35395,
75.532,-36.582,0.35919,
75.533,-36.578,0.37133,
75.533,-36.574,0.37428,
75.53399999999999,-36.57,0.37618,
75.535,-36.567,0.38103000000000004,
75.536,-36.563,0.38249,
75.536,-36.56,0.39753,
75.53699999999999,-36.556999999999995,0.39802,
75.538,-36.555,0.40238,
75.539,-36.552,0.40966,
75.541,-36.55,0.41208999999999996,
75.542,-36.548,0.41689,
75.543,-36.546,0.41208999999999996,
75.544,-36.544000000000004,0.4116,
75.545,-36.543,0.41597,
75.546,-36.541,0.41353999999999996,
75.547,-36.539,0.4116,
75.548,-36.537,0.40626999999999996,
75.54899999999999,-36.536,0.40647,
75.551,-36.534,0.40948,
75.55199999999999,-36.532,0.40431999999999996,
75.553,-36.53,0.40526,
75.554,-36.528,0.40287,
75.555,-36.527,0.40287,
75.556,-36.525,0.40771999999999997,
75.557,-36.523,0.40384000000000003,
75.558,-36.521,0.40284000000000003,
75.559,-36.519,0.39983,
75.561,-36.518,0.39983,
75.562,-36.516,0.40481,
75.563,-36.514,0.40948,
75.564,-36.513000000000005,0.40481,
75.565,-36.510999999999996,0.40626999999999996,
75.566,-36.509,0.40771999999999997,
75.567,-36.507,0.40796,
75.568,-36.505,0.40147,
75.569,-36.503,0.40431,
75.57,-36.501,0.40675,
75.571,-36.499,0.40093,
75.57300000000001,-36.497,0.39996,
75.574,-36.494,0.39996,
75.575,-36.492,0.39538,
75.57600000000001,-36.49,0.40043,
75.577,-36.488,0.39741,
75.578,-36.486,0.39701,
75.579,-36.484,0.39802,
75.58,-36.481,0.0,
75.581,-36.479,0.0,
75.582,-36.477,0.0,
75.583,-36.474000000000004,0.0,
75.584,-36.472,0.0,
75.585,-36.47,0.0,
75.586,-36.467,0.0,
75.587,-36.465,0.0,
75.521,-36.79,0.0,
75.521,-36.797,0.0,
75.521,-36.803000000000004,0.0,
75.521,-36.81,0.0,
75.521,-36.816,0.0,
75.521,-36.823,0.0,
75.521,-36.83,0.0,
75.521,-36.836,0.0,
75.521,-36.843,0.0,
75.521,-36.849000000000004,0.33976999999999996,
75.52,-36.856,0.34248,
75.52,-36.861999999999995,0.32649,
75.52,-36.869,0.31985,
75.52,-36.876,0.31109000000000003,
75.52,-36.882,0.30355,
75.52,-36.889,0.28363,
75.52,-36.895,0.25949,
75.52,-36.902,0.26061,
75.52,-36.909,0.2495,
75.51899999999999,-36.915,0.23836,
75.51899999999999,-36.922,0.20606999999999998,
75.51899999999999,-36.928000000000004,0.19309,
75.51899999999999,-36.935,0.19369,
75.51899999999999,-36.941,0.19075999999999999,
75.518,-36.948,0.18204,
75.518,-36.954,0.17156,
75.518,-36.961,0.16394,
75.518,-36.967,0.16080999999999998,
75.517,-36.974000000000004,0.15367999999999998,
75.517,-36.98,0.14172,
75.517,-36.986999999999995,0.13003,
75.516,-36.993,0.12686,
75.516,-37.0,0.13691,
75.516,-37.006,0.15624000000000002,
75.515,-37.013000000000005,0.17468,
75.515,-37.019,0.17448,
75.514,-37.025,0.18947,
75.513,-37.031,0.18796,
75.512,-37.036,0.19128,
75.51100000000001,-37.042,0.19648,
75.51,-37.047,0.19633,
75.509,-37.052,0.20115,
75.508,-37.056999999999995,0.2024,
75.507,-37.061,0.20544,
75.506,-37.066,0.20768000000000003,
75.50399999999999,-37.07,0.20811999999999997,
75.503,-37.073,0.20751999999999998,
75.502,-37.077,0.21008000000000002,
75.5,-37.08,0.21711999999999998,
75.499,-37.083,0.22093000000000002,
75.497,-37.085,0.2237,
75.49600000000001,-37.088,0.23096999999999998,
75.494,-37.09,0.23824,
75.492,-37.091,0.24585,
75.491,-37.092,0.25174,
75.48899999999999,-37.093,0.25555,
75.488,-37.094,0.25832,
75.486,-37.094,0.2687,
75.484,-37.093,0.2779,
75.483,-37.092,0.27894,
75.48100000000001,-37.091,0.27745,
75.479,-37.088,0.27994,
75.47800000000001,-37.086,0.28094,
75.476,-37.083,0.28194,
75.475,-37.079,0.28692,
75.47399999999999,-37.076,0.28792,
75.472,-37.071,0.29191,
75.471,-37.067,0.29341,
75.47,-37.062,0.29335,
75.469,-37.056999999999995,0.29472,
75.468,-37.051,0.30023,
75.467,-37.046,0.30596,
75.46600000000001,-37.04,0.30588000000000004,
75.46600000000001,-37.034,0.31685,
75.465,-37.028,0.31814000000000003,
75.464,-37.022,0.30989,
75.464,-37.016,0.31924,
75.46300000000001,-37.01,0.31685,
75.46300000000001,-37.003,0.31535,
75.46300000000001,-36.997,0.31037,
75.462,-36.99,0.30905,
75.462,-36.984,0.30822,
75.462,-36.977,0.30488000000000004,
75.462,-36.971,0.29939,
75.462,-36.964,0.2969,
75.462,-36.958,0.29224,
75.462,-36.951,0.29091,
75.46300000000001,-36.944,0.29004,
75.46300000000001,-36.938,0.29028000000000004,
75.46300000000001,-36.931,0.28472,
75.46300000000001,-36.925,0.28123000000000004,
75.464,-36.919000000000004,0.27681999999999995,
75.464,-36.912,0.27571999999999997,
75.465,-36.906,0.27571999999999997,
75.465,-36.9,0.28815999999999997,
75.46600000000001,-36.893,0.27681999999999995,
75.46600000000001,-36.887,0.27276999999999996,
75.467,-36.881,0.27296,
75.468,-36.875,0.27434000000000003,
75.468,-36.869,0.28152,
75.469,-36.863,0.2815,
75.47,-36.857,0.27699,
75.47,-36.851,0.27479000000000003,
75.471,-36.845,0.27218000000000003,
75.472,-36.84,0.27234,
75.473,-36.834,0.27218000000000003,
75.473,-36.828,0.27378,
75.47399999999999,-36.821999999999996,0.28152,
75.475,-36.817,0.28178000000000003,
75.476,-36.811,0.2945,
75.477,-36.806,0.29299000000000003,
75.47800000000001,-36.801,0.30023,
75.479,-36.796,0.30687,
75.48,-36.791,0.30295,
75.48100000000001,-36.786,0.29600000000000004,
75.482,-36.781,0.3117,
75.483,-36.775999999999996,0.31019,
75.484,-36.771,0.31079,
75.486,-36.765,0.31351,
75.487,-36.76,0.31472,
75.488,-36.756,0.31804,
75.48899999999999,-36.751,0.32316999999999996,
75.49,-36.746,0.32649,
75.491,-36.741,0.32306,
75.492,-36.736999999999995,0.32739,
75.494,-36.732,0.3285,
75.495,-36.728,0.0,
75.49600000000001,-36.724000000000004,0.0,
75.498,-36.72,0.0,
75.499,-36.717,0.0,
75.5,-36.713,0.0,
75.502,-36.71,0.0,
75.503,-36.707,0.0,
75.505,-36.704,0.0,
75.506,-36.701,0.0,
75.508,-36.698,0.0,
75.509,-36.695,0.0,
75.51100000000001,-36.693000000000005,0.0,
75.512,-36.69,0.0,
75.514,-36.688,0.0,
75.515,-36.685,0.0,
75.517,-36.683,0.0,
75.518,-36.681,0.0,
75.52,-36.679,0.0,
75.521,-36.676,0.0,
75.523,-36.674,0.0,
75.525,-36.672,0.0,
75.52600000000001,-36.67,0.12277,
75.528,-36.668,0.14207999999999998,
75.529,-36.666,0.0,
75.531,-36.664,0.0,
75.532,-36.662,0.0,
75.53399999999999,-36.659,0.0,
75.536,-36.657,0.15265,
75.53699999999999,-36.655,0.15295,
75.539,-36.653,0.15897999999999998,
75.54,-36.650999999999996,0.15959,
75.542,-36.649,0.0,
75.543,-36.647,0.0,
75.545,-36.645,0.0,
75.547,-36.643,0.0,
75.548,-36.641999999999996,0.0,
75.55,-36.64,0.0,
75.551,-36.638000000000005,0.0,
75.553,-36.635999999999996,0.0,
75.554,-36.634,0.0,
75.556,-36.633,0.0,
75.558,-36.631,0.0,
75.559,-36.629,0.0,
75.561,-36.626999999999995,0.0,
75.562,-36.626,0.0,
75.564,-36.624,0.0,
75.566,-36.622,0.0,
75.567,-36.62,0.0,
75.569,-36.618,0.0,
75.57,-36.617,0.0,
75.572,-36.615,0.36965,
75.574,-36.613,0.36966,
75.575,-36.611,0.37176,
75.577,-36.61,0.36985,
75.578,-36.608000000000004,0.0,
75.58,-36.606,0.36946999999999997,
75.582,-36.605,0.36946999999999997,
75.583,-36.603,0.37348000000000003,
75.585,-36.602,0.37367,
75.586,-36.6,0.37253000000000003,
75.58800000000001,-36.598,0.3752,
75.59,-36.596,0.37485,
75.59100000000001,-36.595,0.37501,
75.593,-36.593,0.37517,
75.594,-36.591,0.37485,
75.596,-36.589,0.37485,
75.597,-36.586999999999996,0.37485,
75.59899999999999,-36.585,0.36589,
75.601,-36.582,0.35916,
75.602,-36.58,0.35867,
75.604,-36.578,0.35916,
75.605,-36.575,0.36219,
75.607,-36.571999999999996,0.36768,
75.608,-36.57,0.36591999999999997,
75.61,-36.567,0.35921,
75.611,-36.564,0.35889,
75.613,-36.561,0.36546999999999996,
75.61399999999999,-36.558,0.37313,
75.616,-36.555,0.37517,
75.617,-36.552,0.37656999999999996,
75.618,-36.548,0.37997,
75.62,-36.545,0.38016,
75.62100000000001,-36.542,0.38079,
75.623,-36.539,0.38079,
75.624,-36.535,0.38079,
75.626,-36.532,0.38829,
75.627,-36.528,0.3897,
75.628,-36.525,0.38850999999999997,
75.63,-36.521,0.38983,
75.631,-36.516999999999996,0.39501,
75.633,-36.513000000000005,0.39485,
75.634,-36.51,0.39432,
75.635,-36.506,0.39329000000000003,
75.637,-36.501999999999995,0.39326,
75.638,-36.498000000000005,0.39141,
75.639,-36.494,0.38956,
75.641,-36.49,0.38641,
75.642,-36.486,0.3819,
75.643,-36.482,0.37813,
75.64399999999999,-36.478,0.37829,
75.646,-36.474000000000004,0.37703000000000003,
75.64699999999999,-36.469,0.37583,
75.648,-36.465,0.37469,
75.65,-36.461,0.37467,
75.65100000000001,-36.457,0.3722,
75.652,-36.452,0.37496,
75.653,-36.448,0.37482,
75.655,-36.444,0.38264000000000004,
75.656,-36.44,0.38164000000000003,
75.657,-36.436,0.38338,
75.65899999999999,-36.431999999999995,0.38432,
75.66,-36.428000000000004,0.38059,
75.661,-36.424,0.38097,
75.663,-36.42,0.37945999999999996,
75.664,-36.416,0.37467,
75.665,-36.412,0.37423,
75.667,-36.408,0.37743000000000004,
75.668,-36.404,0.375,
75.669,-36.4,0.0,
75.671,-36.396,0.3675,
75.672,-36.391999999999996,0.36796999999999996,
75.673,-36.388000000000005,0.36875,
75.67399999999999,-36.384,0.37296999999999997,
75.676,-36.379,0.37031,
75.67699999999999,-36.375,0.36562,
75.678,-36.37,0.36672,
75.679,-36.364000000000004,0.0,
75.68,-36.359,0.37234,
75.681,-36.353,0.0,
75.376,-36.467,0.23413,
75.375,-36.466,0.21784,
75.374,-36.465,0.22055,
75.373,-36.464,0.30066,
75.372,-36.463,0.30101,
75.37100000000001,-36.461999999999996,0.30214,
75.37,-36.461,0.30922,
75.369,-36.46,0.35063,
75.368,-36.459,0.35935,
75.367,-36.458,0.35973,
75.365,-36.457,0.36507,
75.36399999999999,-36.457,0.36507,
75.363,-36.455999999999996,0.38749,
75.362,-36.455,0.39749,
75.361,-36.454,0.40359,
75.36,-36.453,0.40458,
75.359,-36.452,0.0,
75.358,-36.452,0.40626,
75.357,-36.451,0.40437,
75.35600000000001,-36.45,0.39999,
75.355,-36.449,0.37998000000000004,
75.354,-36.448,0.37248000000000003,
75.35300000000001,-36.446999999999996,0.36688000000000004,
75.352,-36.446,0.34997,
75.351,-36.446,0.35009,
75.35,-36.445,0.3427,
75.34899999999999,-36.444,0.33826,
75.348,-36.443000000000005,0.33549,
75.347,-36.442,0.33399,
75.346,-36.441,0.33251,
75.345,-36.441,0.32716999999999996,
75.344,-36.44,0.31166,
75.343,-36.439,0.30516,
75.342,-36.438,0.29216,
75.34100000000001,-36.437,0.28674,
75.34,-36.436,0.26174000000000003,
75.33800000000001,-36.435,0.23651,
75.337,-36.435,0.20636999999999997,
75.336,-36.434,0.17468,
75.335,-36.433,0.15506,
75.334,-36.431999999999995,0.13635,
75.333,-36.431999999999995,0.14782,
75.332,-36.431,0.11703,
75.331,-36.43,0.0,
75.33,-36.429,0.0,
75.329,-36.428000000000004,0.0,
75.328,-36.427,0.0,
75.327,-36.426,0.0,
75.32600000000001,-36.425,0.0,
75.325,-36.423,0.21361,
75.324,-36.422,0.20335,
75.32300000000001,-36.42,0.0,
75.322,-36.418,0.20002999999999999,
75.321,-36.416,0.19760999999999998,
75.32,-36.414,0.0,
75.319,-36.411,0.11492000000000001,
75.319,-36.409,0.13514,
75.318,-36.406,0.14087,
75.317,-36.404,0.17438,
75.316,-36.400999999999996,0.22116,
75.315,-36.398,0.0,
75.315,-36.395,0.1279,
75.314,-36.391999999999996,0.11281,
75.313,-36.388000000000005,0.10858,
75.313,-36.385,0.16592,
75.312,-36.381,0.18947,
75.312,-36.378,0.13755,
75.311,-36.374,0.14118,
75.311,-36.371,0.15234,
75.31,-36.367,0.14359,
75.31,-36.363,0.11281,
75.309,-36.359,0.10285,
75.309,-36.356,0.0,
75.308,-36.352,0.0,
75.308,-36.348,0.0,
75.308,-36.344,0.0,
75.307,-36.34,0.0,
75.307,-36.336,0.0,
75.307,-36.332,0.0,
75.306,-36.328,0.0,
75.306,-36.324,0.0,
75.306,-36.32,0.0,
75.305,-36.316,0.0,
75.305,-36.312,0.12277,
75.305,-36.308,0.12517999999999999,
75.304,-36.304,0.1288,
75.304,-36.3,0.13967000000000002,
75.304,-36.296,0.12186,
75.304,-36.292,0.14329,
75.303,-36.288000000000004,0.14872,
75.303,-36.284,0.14962999999999999,
75.303,-36.28,0.14419,
75.30199999999999,-36.275999999999996,0.14027,
75.30199999999999,-36.272,0.1113,
75.30199999999999,-36.268,0.10918,
75.301,-36.264,0.14720999999999998,
75.301,-36.26,0.14962999999999999,
75.301,-36.256,0.13152,
75.301,-36.251999999999995,0.14993,
75.3,-36.248000000000005,0.1457,
75.3,-36.244,0.14902,
75.3,-36.24,0.15265,
75.29899999999999,-36.236,0.12517999999999999,
75.29899999999999,-36.232,0.14842,
75.29899999999999,-36.228,0.12215999999999999,
75.298,-36.224000000000004,0.14329,
75.298,-36.22,0.13152,
75.298,-36.216,0.11642999999999999,
75.297,-36.211999999999996,0.16321,
75.297,-36.208,0.17287,
75.296,-36.205,0.1451,
75.296,-36.201,0.1448,
75.296,-36.196999999999996,0.17045,
75.295,-36.193000000000005,0.17498,
75.295,-36.189,0.16079000000000002,
75.295,-36.185,0.15265,
75.294,-36.181,0.19067,
75.294,-36.177,0.15325,
75.293,-36.174,0.15808,
75.293,-36.17,0.15536,
75.293,-36.166,0.15144000000000002,
75.292,-36.162,0.14751,
75.292,-36.158,0.16321,
75.291,-36.154,0.14661,
75.291,-36.15,0.16532,
75.29,-36.147,0.16774,
75.29,-36.143,0.15053,
75.29,-36.139,0.15566,
75.289,-36.135,0.14933,
75.289,-36.131,0.14933,
75.289,-36.126999999999995,0.12095999999999998,
75.289,-36.123000000000005,0.11613,
75.288,-36.119,0.22598000000000001,
75.288,-36.114000000000004,0.13152,
75.288,-36.11,0.15717,
75.288,-36.106,0.11281,
75.288,-36.102,0.22416999999999998,
75.288,-36.098,0.22991,
75.288,-36.094,0.23262,
75.288,-36.089,0.24711,
75.288,-36.085,0.23474,
75.289,-36.080999999999996,0.25586,
75.289,-36.077,0.25677,
75.289,-36.073,0.25556,
75.29,-36.069,0.25315,
75.29,-36.065,0.0,
75.29,-36.062,0.0,
75.291,-36.058,0.0,
75.291,-36.054,0.0,
75.292,-36.051,0.2284,
75.292,-36.047,0.22416999999999998,
75.293,-36.044000000000004,0.23534000000000002,
75.294,-36.041,0.22991,
75.295,-36.038000000000004,0.23504,
75.295,-36.035,0.21059,
75.296,-36.032,0.22205999999999998,
75.297,-36.029,0.21814,
75.298,-36.027,0.20515999999999998,
75.29899999999999,-36.024,0.20515999999999998,
75.3,-36.022,0.20154,
75.3,-36.02,0.22175999999999998,
75.301,-36.019,0.20244,
75.30199999999999,-36.016999999999996,0.19760999999999998,
75.303,-36.015,0.22236,
75.304,-36.014,0.22085,
75.305,-36.013000000000005,0.19279000000000002,
75.306,-36.012,0.18947,
75.307,-36.010999999999996,0.19218,
75.308,-36.01,0.18825999999999998,
75.31,-36.009,0.18494000000000002,
75.311,-36.007,0.22478,
75.312,-36.006,0.22326999999999997,
75.313,-36.005,0.18494000000000002,
75.314,-36.004,0.22598000000000001,
75.315,-36.003,0.17438,
75.316,-36.001,0.16804000000000002,
75.317,-36.0,0.20002999999999999,
75.318,-35.998000000000005,0.22629000000000002,
75.319,-35.997,0.18796,
75.32,-35.995,0.18735,
75.321,-35.994,0.18584,
75.322,-35.992,0.20818000000000003,
75.322,-35.99,0.17557999999999999,
75.32300000000001,-35.989000000000004,0.17347,
75.324,-35.986999999999995,0.17557999999999999,
75.325,-35.985,0.20939000000000002,
75.32600000000001,-35.984,0.1792,
75.327,-35.982,0.18434,
75.328,-35.98,0.22146,
75.329,-35.978,0.21029,
75.33,-35.976,0.21300999999999998,
75.331,-35.975,0.19641,
75.332,-35.973,0.19429000000000002,
75.333,-35.971,0.17739000000000002,
75.334,-35.969,0.19792,
75.335,-35.967,0.18916,
75.336,-35.965,0.20093,
75.337,-35.963,0.20726999999999998,
75.33800000000001,-35.961,0.20939000000000002,
75.339,-35.96,0.19943,
75.34,-35.958,0.20456,
75.34100000000001,-35.955999999999996,0.1777,
75.342,-35.954,0.19760999999999998,
75.343,-35.952,0.1949,
75.344,-35.95,0.18584,
75.344,-35.946999999999996,0.0,
75.345,-35.945,0.0,
75.346,-35.943000000000005,0.0,
75.347,-35.941,0.0,
75.348,-35.939,0.0,
75.34899999999999,-35.937,0.0,
75.35,-35.935,0.0,
75.351,-35.933,0.0,
75.352,-35.931,0.0,
75.35300000000001,-35.929,0.0,
75.354,-35.927,0.0,
75.355,-35.925,0.0,
75.355,-35.923,0.0,
75.35600000000001,-35.921,0.0,
75.357,-35.919000000000004,0.0,
75.358,-35.916,0.0,
75.359,-35.914,0.0,
75.36,-35.912,0.0,
75.361,-35.91,0.0,
75.362,-35.908,0.0,
75.363,-35.906,0.0,
75.36399999999999,-35.904,0.0,
75.365,-35.902,0.0,
75.366,-35.9,0.0,
75.367,-35.898,0.0,
75.367,-35.896,0.0,
75.368,-35.894,0.0,
75.369,-35.891999999999996,0.0,
75.37,-35.889,0.0,
75.37100000000001,-35.887,0.0,
75.372,-35.885,0.0,
75.373,-35.883,0.0,
75.374,-35.881,0.0,
75.375,-35.879,0.0,
75.376,-35.876999999999995,0.0,
75.377,-35.874,0.0,
75.377,-35.872,0.0,
75.378,-35.87,0.0,
75.37899999999999,-35.868,0.0,
75.38,-35.866,0.0,
75.381,-35.864000000000004,0.0,
75.382,-35.863,0.0,
75.383,-35.861,0.0,
75.384,-35.86,0.0,
75.385,-35.859,0.0,
75.38600000000001,-35.858000000000004,0.0,
75.387,-35.858000000000004,0.0,
75.388,-35.858000000000004,0.0,
75.389,-35.857,0.0,
75.391,-35.858000000000004,0.0,
75.595,-36.403,0.34007,
75.597,-36.412,0.34339000000000003,
75.59899999999999,-36.42,0.33735,
75.601,-36.427,0.33016,
75.604,-36.433,0.33089,
75.60600000000001,-36.438,0.30937,
75.609,-36.441,0.30733,
75.612,-36.443000000000005,0.29411,
75.615,-36.444,0.28903,
75.617,-36.444,0.29615,
75.62,-36.442,0.29936,
75.623,-36.439,0.2992,
75.626,-36.436,0.29818,
75.628,-36.431999999999995,0.30632,
75.631,-36.428000000000004,0.3053,
75.633,-36.423,0.30428,
75.63600000000001,-36.417,0.2992,
75.638,-36.41,0.29936,
75.64,-36.403,0.2992,
75.643,-36.395,0.29106,
75.645,-36.387,0.28991999999999996,
75.646,-36.379,0.28904,
75.648,-36.37,0.28801,
75.65,-36.361,0.29208,
75.652,-36.352,0.29535,
75.654,-36.343,0.30022,
75.655,-36.335,0.30222,
75.657,-36.326,0.30165,
75.65899999999999,-36.317,0.3053,
75.661,-36.308,0.30968,
75.663,-36.299,0.31038000000000004,
75.664,-36.291,0.3053,
75.666,-36.282,0.3053,
75.668,-36.273,0.30225,
75.67,-36.264,0.30337,
75.672,-36.255,0.30327,
75.673,-36.246,0.30428,
75.675,-36.236999999999995,0.30733,
75.67699999999999,-36.228,0.30937,
75.679,-36.219,0.31038000000000004,
75.68,-36.21,0.31038000000000004,
75.682,-36.201,0.30835,
75.684,-36.192,0.30937,
75.686,-36.183,0.30937,
75.687,-36.174,0.31038000000000004,
75.689,-36.166,0.30835,
75.691,-36.157,0.30733,
75.693,-36.148,0.30428,
75.695,-36.139,0.30327,
75.697,-36.131,0.30624,
75.699,-36.123000000000005,0.30937,
75.7,-36.114000000000004,0.31242,
75.702,-36.106,0.31649,
75.704,-36.097,0.32971,
75.706,-36.089,0.33276,
75.708,-36.08,0.33581,
75.71,-36.071999999999996,0.33581,
75.712,-36.063,0.33886,
75.714,-36.055,0.33891,
75.71600000000001,-36.046,0.33886,
75.717,-36.037,0.33987,
75.719,-36.028,0.34394,
75.721,-36.018,0.34598,
75.722,-36.008,0.36428,
75.722,-35.996,0.36630999999999997,
75.722,-35.985,0.37445,
75.722,-35.973,0.37961,
75.722,-35.961999999999996,0.3836,
75.721,-35.951,0.38563000000000003,
75.721,-35.94,0.39784,
75.72,-35.929,0.39842,
75.719,-35.918,0.3991,
75.718,-35.907,0.40191,
75.717,-35.896,0.39682,
75.71600000000001,-35.885999999999996,0.39275,
75.715,-35.875,0.37953000000000003,
75.71300000000001,-35.865,0.37343000000000004,
75.712,-35.855,0.3653,
75.71,-35.846,0.36123,
75.708,-35.838,0.35896999999999996,
75.706,-35.830999999999996,0.33174000000000003,
75.704,-35.824,0.31586,
75.70100000000001,-35.818000000000005,0.3114,
75.699,-35.812,0.30539,
75.696,-35.806999999999995,0.2989,
75.694,-35.801,0.27706,
75.691,-35.796,0.26871999999999996,
75.689,-35.79,0.25621,
75.687,-35.784,0.24251999999999999,
75.684,-35.777,0.23656,
75.682,-35.771,0.23685,
75.68,-35.765,0.23894,
75.67699999999999,-35.758,0.23836,
75.675,-35.751999999999995,0.23443000000000003,
75.672,-35.747,0.21663000000000002,
75.67,-35.741,0.20305,
75.667,-35.736,0.20260999999999998,
75.665,-35.73,0.20083,
75.66199999999999,-35.725,0.19369,
75.66,-35.719,0.20164,
75.657,-35.714,0.20314000000000002,
75.655,-35.709,0.19865,
75.652,-35.704,0.19665,
75.65,-35.699,0.18645,
75.64699999999999,-35.693000000000005,0.1777,
75.645,-35.688,0.18162,
75.642,-35.684,0.18162,
75.64,-35.679,0.19067,
75.637,-35.675,0.20002999999999999,
75.634,-35.671,0.19610999999999998,
75.631,-35.67,0.20033,
75.62899999999999,-35.67,0.19007000000000002,
75.626,-35.672,0.21029,
75.623,-35.675,0.23323000000000002,
75.62100000000001,-35.681,0.24076999999999998,
75.618,-35.687,0.26564,
75.616,-35.695,0.28060999999999997,
75.61399999999999,-35.702,0.28363,
75.612,-35.711,0.2782,
75.61,-35.72,0.2782,
75.609,-35.729,0.27759,
75.607,-35.739000000000004,0.28001,
75.60600000000001,-35.75,0.27669,
75.60600000000001,-35.760999999999996,0.26311,
75.605,-35.772,0.2503,
75.605,-35.783,0.0,
75.605,-35.795,0.23218000000000003,
75.605,-35.806,0.21545,
75.605,-35.817,0.20779,
75.60600000000001,-35.828,0.18966,
75.607,-35.838,0.18339,
75.609,-35.848,0.18269000000000002,
75.61,-35.858000000000004,0.1813,
75.612,-35.867,0.18339,
75.61399999999999,-35.876,0.18584,
75.615,-35.885,0.19279000000000002,
75.617,-35.894,0.18947,
75.619,-35.904,0.19942000000000001,
75.62,-35.914,0.20184000000000002,
75.62100000000001,-35.924,0.20244,
75.623,-35.934,0.2043,
75.624,-35.944,0.21126999999999999,
75.625,-35.954,0.20988,
75.626,-35.964,0.21406,
75.628,-35.975,0.21965,
75.62899999999999,-35.985,0.23383,
75.631,-35.994,0.26794,
75.632,-36.004,0.27669,
75.633,-36.014,0.3126,
75.635,-36.024,0.33645,
75.63600000000001,-36.034,0.34056,
75.638,-36.044000000000004,0.34417,
75.639,-36.053000000000004,0.35347,
75.641,-36.063,0.36609,
75.642,-36.073,0.3808,
75.643,-36.083,0.39671,
75.645,-36.093,0.40242,
75.646,-36.103,0.40781999999999996,
75.648,-36.113,0.40726999999999997,
75.649,-36.123000000000005,0.40752,
75.65,-36.133,0.39851,
75.652,-36.143,0.39311,
75.653,-36.153,0.3814,
75.655,-36.163000000000004,0.37299,
75.656,-36.172,0.36488000000000004,
75.657,-36.181999999999995,0.36819,
75.65899999999999,-36.193000000000005,0.379,
75.66,-36.203,0.3865,
75.661,-36.213,0.3862,
75.663,-36.223,0.3865,
75.664,-36.233000000000004,0.3869,
75.665,-36.243,0.38463,
75.667,-36.253,0.38145,
75.668,-36.263000000000005,0.38009,
75.669,-36.273,0.37509000000000003,
75.671,-36.283,0.37146,
75.672,-36.293,0.36919,
75.67399999999999,-36.303000000000004,0.36355,
75.675,-36.313,0.36374,
75.676,-36.323,0.35965,
75.678,-36.333,0.36011,
75.679,-36.343,0.36885,
75.681,-36.353,0.37464000000000003,
75.682,-36.361999999999995,0.38372,
75.684,-36.372,0.38463,
75.685,-36.382,0.38508000000000003,
75.686,-36.391999999999996,0.376,
75.688,-36.402,0.36419,
75.689,-36.412,0.34194,
75.691,-36.422,0.31985,
75.692,-36.431999999999995,0.29389,
75.693,-36.442,0.28815999999999997,
75.695,-36.452,0.28604,
75.696,-36.461999999999996,0.24953000000000003,
75.697,-36.472,0.24228000000000002,
75.699,-36.482,0.23504,
75.7,-36.492,0.22780999999999998,
75.70100000000001,-36.501999999999995,0.21377,
75.703,-36.513000000000005,0.20878000000000002,
75.704,-36.523,0.19848,
75.705,-36.533,0.19476,
75.707,-36.543,0.18319000000000002,
75.708,-36.553000000000004,0.17658,
75.709,-36.563,0.16005,
75.711,-36.573,0.15467999999999998,
75.712,-36.584,0.15566,
75.71300000000001,-36.594,0.13857,
75.715,-36.604,0.1332,
75.71600000000001,-36.613,0.12907000000000002,
75.718,-36.623000000000005,0.12741,
75.72,-36.631,0.127,
75.722,-36.638000000000005,0.12575999999999998,
75.725,-36.643,0.1489,
75.727,-36.648,0.16749,
75.73,-36.65,0.1783,
75.733,-36.652,0.17617,
75.736,-36.652,0.17285999999999999,
75.73899999999999,-36.65,0.16295,
75.741,-36.649,0.15880999999999998,
75.744,-36.646,0.14601,
75.747,-36.644,0.14435,
75.75,-36.64,0.14353,
75.752,-36.635999999999996,0.14207999999999998,
75.755,-36.631,0.15014,
75.757,-36.626,0.15262,
75.76,-36.62,0.15799000000000002,
75.762,-36.614000000000004,0.15922999999999998,
75.765,-36.609,0.1611,
75.767,-36.603,0.16708,
75.77,-36.598,0.17356,
75.77199999999999,-36.592,0.17699,
75.775,-36.586999999999996,0.18070999999999998,
75.777,-36.580999999999996,0.1836,
75.78,-36.576,0.19037,
75.782,-36.571,0.1946,
75.785,-36.565,0.19339,
75.78699999999999,-36.559,0.1898,
75.789,-36.553000000000004,0.1898,
75.792,-36.548,0.0,
75.794,-36.542,0.1865,
75.797,-36.537,0.18608,
75.79899999999999,-36.531,0.18567,
75.80199999999999,-36.525999999999996,0.18567,
75.804,-36.52,0.17782,
75.807,-36.513000000000005,0.16997,
75.809,-36.505,0.16749,
75.81,-36.496,0.16501,
75.812,-36.486,0.15262,
75.813,-36.475,0.14329,
75.813,-36.464,0.13635,
75.813,-36.452,0.13454000000000002,
75.813,-36.441,0.13001,
75.812,-36.43,0.12609,
75.811,-36.419000000000004,0.12487999999999999,
75.809,-36.41,0.14299,
75.616,-35.001999999999995,0.24319000000000002,
75.617,-35.001999999999995,0.24623,
75.617,-35.001,0.24686999999999998,
75.617,-35.0,0.24168,
75.618,-34.999,0.24771999999999997,
75.618,-34.999,0.24017,
75.619,-34.998000000000005,0.24686999999999998,
75.619,-34.997,0.24743,
75.619,-34.996,0.25073,
75.62,-34.996,0.2453,
75.62,-34.995,0.23715,
75.62,-34.994,0.24743,
75.62100000000001,-34.994,0.24828000000000003,
75.62100000000001,-34.993,0.24828000000000003,
75.622,-34.993,0.248,
75.622,-34.992,0.24650999999999998,
75.622,-34.991,0.25119,
75.623,-34.991,0.24347,
75.623,-34.99,0.24953000000000003,
75.624,-34.99,0.23986999999999997,
75.624,-34.989000000000004,0.25338,
75.624,-34.989000000000004,0.25706999999999997,
75.625,-34.988,0.25495999999999996,
75.625,-34.988,0.24741,
75.626,-34.988,0.24579,
75.626,-34.986999999999995,0.25281,
75.627,-34.986999999999995,0.24318,
75.627,-34.986,0.23504,
75.627,-34.986,0.0,
75.628,-34.986,0.24516999999999997,
75.628,-34.985,0.24076999999999998,
75.62899999999999,-34.985,0.24168,
75.62899999999999,-34.985,0.24409,
75.62899999999999,-34.984,0.24198000000000003,
75.63,-34.984,0.25508000000000003,
75.63,-34.984,0.24108000000000002,
75.631,-34.983000000000004,0.25366,
75.631,-34.983000000000004,0.25224,
75.632,-34.983000000000004,0.25026,
75.632,-34.983000000000004,0.25111,
75.632,-34.982,0.25254,
75.633,-34.982,0.0,
75.633,-34.982,0.0,
75.634,-34.982,0.0,
75.634,-34.982,0.0,
75.635,-34.982,0.0,
75.635,-34.981,0.0,
75.635,-34.981,0.0,
75.63600000000001,-34.981,0.0,
75.63600000000001,-34.981,0.0,
75.637,-34.981,0.0,
75.637,-34.981,0.0,
75.637,-34.981,0.0,
75.638,-34.981,0.0,
75.638,-34.981,0.20124,
75.639,-34.981,0.19369,
75.639,-34.981,0.20184000000000002,
75.64,-34.981,0.18886,
75.64,-34.981,0.18403,
75.64,-34.981,0.1879,
75.641,-34.981,0.1873,
75.641,-34.981,0.19097999999999998,
75.642,-34.982,0.18472,
75.642,-34.982,0.18265,
75.643,-34.982,0.17902,
75.643,-34.982,0.17794000000000001,
75.643,-34.983000000000004,0.17215999999999998,
75.64399999999999,-34.983000000000004,0.15924000000000002,
75.64399999999999,-34.983000000000004,0.15625999999999998,
75.645,-34.984,0.14967,
75.645,-34.984,0.1497,
75.646,-34.985,0.14608,
75.646,-34.985,0.14539000000000002,
75.646,-34.986,0.14528,
75.64699999999999,-34.986,0.14478,
75.64699999999999,-34.986999999999995,0.14488,
75.64699999999999,-34.988,0.14568,
75.648,-34.989000000000004,0.14509,
75.648,-34.989000000000004,0.14509,
75.649,-34.99,0.14695,
75.649,-34.991,0.15124,
75.649,-34.992,0.15555,
75.65,-34.993,0.16109,
75.65,-34.994,0.16454000000000002,
75.65,-34.995,0.17126,
75.65100000000001,-34.996,0.17489000000000002,
75.65100000000001,-34.997,0.18316,
75.65100000000001,-34.998000000000005,0.18782000000000001,
75.652,-34.999,0.19869,
75.652,-35.0,0.20645,
75.652,-35.001,0.21783000000000002,
75.653,-35.003,0.22351999999999997,
75.653,-35.004,0.22574,
75.653,-35.005,0.22571,
75.654,-35.006,0.22249000000000002,
75.654,-35.008,0.22145,
75.654,-35.009,0.21835,
75.654,-35.010999999999996,0.21679,
75.655,-35.012,0.21736999999999998,
75.655,-35.014,0.21646999999999997,
75.655,-35.015,0.20800000000000002,
75.655,-35.016,0.0,
75.655,-35.018,0.33512,
75.656,-35.02,0.34037,
75.656,-35.021,0.34641,
75.656,-35.023,0.33403,
75.656,-35.024,0.33554,
75.656,-35.025999999999996,0.3461,
75.656,-35.028,0.34701,
75.656,-35.029,0.35305,
75.656,-35.031,0.34671,
75.657,-35.033,0.3383,
75.657,-35.034,0.35969,
75.657,-35.036,0.35335,
75.657,-35.038000000000004,0.35365,
75.657,-35.039,0.36330999999999997,
75.657,-35.041,0.35546,
75.657,-35.043,0.3627,
75.657,-35.045,0.35256,
75.657,-35.046,0.3483,
75.657,-35.048,0.33956,
75.657,-35.05,0.34134000000000003,
75.657,-35.051,0.33283,
75.657,-35.053000000000004,0.33283,
75.657,-35.055,0.0,
75.657,-35.056999999999995,0.33343,
75.657,-35.058,0.0,
75.657,-35.06,0.0,
75.657,-35.062,0.0,
75.657,-35.063,0.0,
75.657,-35.065,0.0,
75.656,-35.067,0.0,
75.656,-35.069,0.0,
75.656,-35.07,0.0,
75.656,-35.071999999999996,0.0,
75.656,-35.074,0.0,
75.656,-35.075,0.0,
75.656,-35.077,0.0,
75.656,-35.079,0.0,
75.656,-35.080999999999996,0.0,
75.656,-35.082,0.0,
75.656,-35.084,0.0,
75.656,-35.086,0.0,
75.656,-35.086999999999996,0.0,
75.656,-35.089,0.0,
75.656,-35.091,0.0,
75.656,-35.093,0.0,
75.656,-35.094,0.0,
75.656,-35.096,0.0,
75.656,-35.098,0.0,
75.656,-35.099000000000004,0.0,
75.656,-35.101,0.0,
75.656,-35.103,0.0,
75.656,-35.105,0.0,
75.656,-35.106,0.0,
75.656,-35.108000000000004,0.0,
75.656,-35.11,0.0,
75.655,-35.111,0.0,
75.655,-35.113,0.0,
75.655,-35.115,0.0,
75.655,-35.116,0.0,
75.655,-35.118,0.0,
75.655,-35.12,0.0,
75.655,-35.122,0.0,
75.655,-35.123000000000005,0.0,
75.655,-35.125,0.0,
75.655,-35.126999999999995,0.0,
75.655,-35.128,0.0,
75.655,-35.13,0.0,
75.655,-35.132,0.0,
75.655,-35.134,0.0,
75.655,-35.135,0.0,
75.655,-35.137,0.0,
75.655,-35.139,0.0,
75.655,-35.14,0.0,
75.655,-35.141999999999996,0.0,
75.654,-35.144,0.0,
75.654,-35.145,0.0,
75.654,-35.147,0.0,
75.654,-35.149,0.0,
75.654,-35.150999999999996,0.0,
75.654,-35.152,0.0,
75.654,-35.154,0.0,
75.654,-35.156,0.0,
75.654,-35.157,0.0,
75.654,-35.159,0.0,
75.654,-35.161,0.0,
75.654,-35.162,0.0,
75.654,-35.164,0.0,
75.654,-35.166,0.0,
75.654,-35.168,0.0,
75.654,-35.169000000000004,0.0,
75.654,-35.171,0.0,
75.654,-35.173,0.0,
75.653,-35.174,0.0,
75.653,-35.176,0.0,
75.653,-35.178000000000004,0.0,
75.653,-35.179,0.0,
75.653,-35.181,0.0,
75.653,-35.183,0.0,
75.653,-35.185,0.0,
75.653,-35.186,0.0,
75.653,-35.188,0.0,
75.653,-35.19,0.0,
75.653,-35.191,0.0,
75.653,-35.193000000000005,0.0,
75.653,-35.195,0.0,
75.653,-35.196,0.0,
75.653,-35.198,0.0,
75.653,-35.2,0.0,
75.652,-35.202,0.0,
75.652,-35.203,0.0,
75.652,-35.205,0.0,
75.652,-35.207,0.0,
75.652,-35.208,0.0,
75.652,-35.21,0.0,
75.652,-35.211999999999996,0.0,
75.652,-35.213,0.0,
75.652,-35.215,0.0,
75.652,-35.217,0.0,
75.652,-35.218,0.0,
75.652,-35.22,0.0,
75.652,-35.222,0.0,
75.652,-35.224000000000004,0.0,
75.65100000000001,-35.225,0.0,
75.65100000000001,-35.227,0.0,
75.65100000000001,-35.229,0.0,
75.65100000000001,-35.23,0.0,
75.65100000000001,-35.232,0.0,
75.65100000000001,-35.234,0.0,
75.65100000000001,-35.235,0.0,
75.65100000000001,-35.236999999999995,0.0,
75.65100000000001,-35.239000000000004,0.0,
75.65100000000001,-35.24,0.0,
75.65100000000001,-35.242,0.0,
75.65,-35.244,0.0,
75.65,-35.245,0.0,
75.65,-35.247,0.0,
75.65,-35.249,0.0,
75.65,-35.25,0.0,
75.65,-35.251999999999995,0.0,
75.65,-35.254,0.0,
75.65,-35.255,0.0,
75.65,-35.257,0.0,
75.649,-35.259,0.0,
75.649,-35.26,0.0,
75.649,-35.262,0.0,
75.649,-35.264,0.0,
75.649,-35.265,0.0,
75.649,-35.266999999999996,0.0,
75.649,-35.268,0.0,
75.649,-35.27,0.0,
75.649,-35.272,0.0,
75.648,-35.273,0.0,
75.648,-35.275,0.0,
75.604,-36.542,0.0,
75.604,-36.547,0.18342999999999998,
75.604,-36.552,0.17951,
75.604,-36.556999999999995,0.16442,
75.604,-36.561,0.16532,
75.604,-36.566,0.15053,
75.604,-36.571,0.15053,
75.604,-36.576,0.14359,
75.604,-36.58,0.15325,
75.604,-36.585,0.15385,
75.604,-36.59,0.12971,
75.605,-36.594,0.12578,
75.605,-36.599000000000004,0.0,
75.605,-36.604,0.0,
75.605,-36.609,0.33100999999999997,
75.605,-36.613,0.32619000000000004,
75.605,-36.618,0.32287,
75.605,-36.623000000000005,0.32066,
75.605,-36.626999999999995,0.31683,
75.605,-36.632,0.30566,
75.605,-36.637,0.30657,
75.605,-36.641999999999996,0.29721,
75.605,-36.646,0.29286,
75.605,-36.650999999999996,0.26281,
75.605,-36.656,0.26992,
75.605,-36.661,0.25949,
75.605,-36.665,0.24258000000000002,
75.605,-36.67,0.25393000000000004,
75.605,-36.675,0.23934,
75.605,-36.68,0.23515999999999998,
75.605,-36.684,0.21935,
75.605,-36.689,0.21874000000000002,
75.605,-36.694,0.20806,
75.605,-36.698,0.19701,
75.605,-36.703,0.18025,
75.605,-36.708,0.17747000000000002,
75.60600000000001,-36.713,0.16955,
75.60600000000001,-36.717,0.17588,
75.60600000000001,-36.722,0.17287,
75.60600000000001,-36.727,0.17608,
75.60600000000001,-36.732,0.17469,
75.60600000000001,-36.736,0.16635,
75.60600000000001,-36.741,0.15989,
75.60600000000001,-36.746,0.16079000000000002,
75.60600000000001,-36.75,0.15106,
75.60600000000001,-36.755,0.14967,
75.607,-36.76,0.14967,
75.607,-36.765,0.13725,
75.607,-36.769,0.13635,
75.607,-36.774,0.14238,
75.607,-36.779,0.1279,
75.607,-36.783,0.12812,
75.607,-36.788000000000004,0.11914000000000001,
75.608,-36.793,0.12578,
75.608,-36.797,0.12395,
75.608,-36.802,0.11281,
75.608,-36.806999999999995,0.1125,
75.608,-36.811,0.11339,
75.609,-36.816,0.11778,
75.609,-36.82,0.12755,
75.609,-36.825,0.13937,
75.61,-36.829,0.13997,
75.61,-36.834,0.1455,
75.611,-36.838,0.15247,
75.611,-36.843,0.15833,
75.612,-36.847,0.1598,
75.612,-36.85,0.16175,
75.613,-36.854,0.16224,
75.61399999999999,-36.857,0.1554,
75.615,-36.86,0.15638,
75.616,-36.863,0.15295,
75.617,-36.865,0.15638,
75.618,-36.868,0.15929000000000001,
75.619,-36.87,0.15597,
75.62,-36.871,0.15868,
75.62100000000001,-36.873000000000005,0.14872,
75.622,-36.874,0.14612,
75.624,-36.875,0.14993,
75.625,-36.876,0.13537000000000002,
75.626,-36.876,0.13293,
75.627,-36.876,0.12609,
75.628,-36.876,0.12337000000000001,
75.62899999999999,-36.875,0.13097,
75.631,-36.875,0.13342,
75.632,-36.874,0.13781,
75.633,-36.873000000000005,0.1427,
75.634,-36.871,0.14758,
75.635,-36.87,0.15198,
75.63600000000001,-36.868,0.16126,
75.637,-36.866,0.16664,
75.638,-36.864000000000004,0.17135999999999998,
75.639,-36.861,0.16760999999999998,
75.64,-36.859,0.16713,
75.641,-36.856,0.16592,
75.642,-36.853,0.1623,
75.643,-36.85,0.1554,
75.64399999999999,-36.847,0.1554,
75.645,-36.844,0.15638,
75.646,-36.841,0.162,
75.64699999999999,-36.838,0.15808,
75.648,-36.835,0.15475999999999998,
75.649,-36.832,0.13635,
75.65,-36.829,0.1457,
75.65,-36.826,0.13846,
75.65100000000001,-36.823,0.14962999999999999,
75.652,-36.819,0.13514,
75.653,-36.816,0.15627,
75.654,-36.813,0.1445,
75.655,-36.81,0.14962999999999999,
75.656,-36.806999999999995,0.14087,
75.657,-36.803000000000004,0.0,
75.657,-36.8,0.0,
75.658,-36.797,0.0,
75.65899999999999,-36.794000000000004,0.0,
75.66,-36.79,0.0,
75.661,-36.787,0.0,
75.66199999999999,-36.784,0.0,
75.66199999999999,-36.78,0.0,
75.663,-36.777,0.0,
75.664,-36.774,0.0,
75.665,-36.77,0.0,
75.666,-36.766999999999996,0.0,
75.667,-36.764,0.0,
75.668,-36.760999999999996,0.0,
75.668,-36.757,0.0,
75.669,-36.754,0.0,
75.67,-36.751,0.0,
75.671,-36.747,0.0,
75.672,-36.744,0.0,
75.673,-36.74,0.0,
75.673,-36.736999999999995,0.0,
75.67399999999999,-36.733000000000004,0.0,
75.675,-36.73,0.0,
75.676,-36.726,0.0,
75.676,-36.722,0.0,
75.67699999999999,-36.719,0.0,
75.678,-36.715,0.0,
75.679,-36.711,0.0,
75.679,-36.707,0.0,
75.68,-36.704,0.0,
75.681,-36.7,0.0,
75.681,-36.696,0.0,
75.682,-36.692,0.0,
75.683,-36.688,0.0,
75.684,-36.684,0.0,
75.684,-36.681,0.0,
75.685,-36.677,0.0,
75.685,-36.673,0.0,
75.686,-36.668,0.0,
75.687,-36.664,0.0,
75.687,-36.66,0.0,
75.688,-36.656,0.0,
75.688,-36.652,0.0,
75.689,-36.647,0.0,
75.689,-36.643,0.0,
75.69,-36.638000000000005,0.11069000000000001,
75.69,-36.634,0.11281,
75.691,-36.63,0.115,
75.691,-36.625,0.115,
75.691,-36.621,0.11642999999999999,
75.692,-36.616,0.11673,
75.692,-36.611999999999995,0.12397000000000001,
75.692,-36.607,0.12428,
75.693,-36.602,0.13001,
75.693,-36.598,0.12729000000000001,
75.693,-36.593,0.13514,
75.694,-36.589,0.1454,
75.694,-36.584,0.14419,
75.694,-36.579,0.14879,
75.694,-36.575,0.15355,
75.695,-36.57,0.15355,
75.695,-36.565,0.16743,
75.695,-36.561,0.17487,
75.696,-36.556,0.1783,
75.696,-36.552,0.18375999999999998,
75.696,-36.547,0.20095,
75.696,-36.542,0.20818000000000003,
75.697,-36.538000000000004,0.20486,
75.697,-36.533,0.20788,
75.697,-36.528,0.20095,
75.697,-36.524,0.1946,
75.69800000000001,-36.519,0.20063,
75.69800000000001,-36.514,0.20033,
75.69800000000001,-36.51,0.20425,
75.69800000000001,-36.505,0.20035999999999998,
75.699,-36.5,0.19610999999999998,
75.699,-36.496,0.19760999999999998,
75.699,-36.491,0.20569,
75.699,-36.486,0.21089000000000002,
75.699,-36.482,0.21089000000000002,
75.7,-36.477,0.21452,
75.7,-36.472,0.22568000000000002,
75.7,-36.468,0.22236,
75.7,-36.463,0.22659,
75.70100000000001,-36.458,0.23625,
75.70100000000001,-36.453,0.24245,
75.70100000000001,-36.449,0.2543,
75.70100000000001,-36.444,0.2626,
75.70100000000001,-36.439,0.26613000000000003,
75.702,-36.435,0.26793,
75.702,-36.43,0.28394,
75.702,-36.425,0.29046,
75.702,-36.421,0.29341999999999996,
75.702,-36.416,0.29757,
75.702,-36.411,0.30054000000000003,
75.703,-36.406,0.30232,
75.703,-36.402,0.30530999999999997,
75.703,-36.397,0.31263,
75.703,-36.391999999999996,0.32133,
75.703,-36.388000000000005,0.32866,
75.704,-36.383,0.33278,
75.704,-36.378,0.34010999999999997,
75.704,-36.374,0.34331,
75.704,-36.369,0.34701,
75.704,-36.364000000000004,0.34651,
75.705,-36.359,0.35033000000000003,
75.705,-36.355,0.35456,
75.705,-36.35,0.0,
75.705,-36.345,0.0,
75.705,-36.341,0.0,
75.706,-36.336,0.0,
75.706,-36.330999999999996,0.0,
75.706,-36.327,0.0,
75.706,-36.321999999999996,0.0,
75.706,-36.317,0.0,
75.707,-36.312,0.0,
75.707,-36.308,0.0,
75.707,-36.303000000000004,0.0,
75.707,-36.298,0.0,
75.707,-36.294000000000004,0.0,
75.707,-36.289,0.0,
75.707,-36.284,0.0,
75.708,-36.279,0.0,
75.708,-36.275,0.16623,
75.708,-36.27,0.17247,
75.708,-36.265,0.1806,
75.708,-36.26,0.16677999999999998,
75.708,-36.256,0.15377000000000002,
75.708,-36.251,0.15092,
75.708,-36.246,0.14389000000000002,
75.708,-36.241,0.13343,
75.707,-36.236,0.1314,
75.707,-36.232,0.13994,
75.707,-36.227,0.1617,
75.707,-36.222,0.17167000000000002,
75.706,-36.218,0.17814000000000002,
75.706,-36.213,0.20546,
75.706,-36.209,0.0,
75.705,-36.204,0.0,
75.705,-36.2,0.0,
75.704,-36.196,0.0,
75.704,-36.192,0.0,
75.703,-36.188,0.0,
75.702,-36.184,0.0,
75.702,-36.18,0.3781,
75.551,-36.202,0.21089000000000002,
75.551,-36.195,0.1955,
75.551,-36.187,0.20756999999999998,
75.55199999999999,-36.18,0.20818000000000003,
75.55199999999999,-36.172,0.21331,
75.55199999999999,-36.165,0.18947,
75.55199999999999,-36.157,0.0,
75.55199999999999,-36.15,0.22236,
75.55199999999999,-36.141999999999996,0.0,
75.55199999999999,-36.135,0.0,
75.553,-36.126999999999995,0.0,
75.553,-36.12,0.0,
75.553,-36.111999999999995,0.0,
75.553,-36.105,0.0,
75.553,-36.097,0.0,
75.553,-36.09,0.0,
75.553,-36.082,0.14812,
75.553,-36.075,0.15717,
75.553,-36.067,0.15764,
75.554,-36.06,0.16244,
75.554,-36.052,0.15417999999999998,
75.554,-36.045,0.15764,
75.554,-36.037,0.15791,
75.554,-36.029,0.16346,
75.554,-36.022,0.16380999999999998,
75.553,-36.014,0.16449,
75.553,-36.007,0.15657000000000001,
75.553,-35.999,0.1573,
75.553,-35.992,0.16723,
75.553,-35.984,0.16410999999999998,
75.553,-35.977,0.17134000000000002,
75.553,-35.969,0.18615,
75.553,-35.961999999999996,0.20124,
75.553,-35.954,0.19701,
75.553,-35.946999999999996,0.19852,
75.55199999999999,-35.939,0.21572,
75.55199999999999,-35.931999999999995,0.21784,
75.55199999999999,-35.924,0.22719,
75.55199999999999,-35.917,0.21995,
75.55199999999999,-35.909,0.22448,
75.551,-35.902,0.23171999999999998,
75.551,-35.894,0.0,
75.551,-35.887,0.0,
75.551,-35.879,0.0,
75.551,-35.872,0.33524,
75.55,-35.864000000000004,0.0,
75.55,-35.857,0.0,
75.55,-35.849000000000004,0.0,
75.55,-35.842,0.0,
75.55,-35.834,0.0,
75.54899999999999,-35.827,0.0,
75.54899999999999,-35.82,0.13484000000000002,
75.54899999999999,-35.812,0.13393,
75.54899999999999,-35.805,0.1786,
75.548,-35.797,0.18705,
75.548,-35.79,0.0,
75.548,-35.782,0.16804000000000002,
75.548,-35.775,0.0,
75.547,-35.766999999999996,0.0,
75.547,-35.76,0.19943,
75.547,-35.751999999999995,0.20726999999999998,
75.547,-35.745,0.18886,
75.546,-35.736999999999995,0.19128,
75.546,-35.73,0.21723,
75.546,-35.723,0.12186,
75.546,-35.715,0.13876,
75.545,-35.708,0.18434,
75.545,-35.7,0.18403,
75.545,-35.693000000000005,0.14962999999999999,
75.545,-35.685,0.13574,
75.544,-35.678000000000004,0.16743,
75.544,-35.67,0.15929000000000001,
75.544,-35.663000000000004,0.13001,
75.543,-35.655,0.0,
75.543,-35.648,0.0,
75.543,-35.641,0.14238,
75.543,-35.633,0.12005,
75.542,-35.626,0.0,
75.542,-35.618,0.37085,
75.542,-35.611,0.0,
75.541,-35.603,0.33313000000000004,
75.541,-35.596,0.33765,
75.541,-35.589,0.34188,
75.54,-35.580999999999996,0.14661,
75.54,-35.574,0.14148,
75.54,-35.567,0.0,
75.539,-35.559,0.0,
75.539,-35.552,0.0,
75.538,-35.545,0.18524000000000002,
75.538,-35.537,0.18403,
75.538,-35.53,0.18675,
75.53699999999999,-35.523,0.1949,
75.53699999999999,-35.515,0.18102000000000001,
75.536,-35.508,0.18313,
75.536,-35.501,0.18132,
75.535,-35.493,0.17981,
75.535,-35.486,0.17981,
75.53399999999999,-35.479,0.19218,
75.53399999999999,-35.472,0.17557999999999999,
75.533,-35.464,0.21391,
75.533,-35.457,0.17256,
75.532,-35.45,0.21603000000000003,
75.531,-35.443000000000005,0.17557999999999999,
75.531,-35.436,0.21935,
75.53,-35.429,0.17951,
75.529,-35.422,0.23231999999999997,
75.529,-35.415,0.2121,
75.528,-35.408,0.22659,
75.527,-35.400999999999996,0.26703000000000005,
75.52600000000001,-35.395,0.25979,
75.525,-35.388000000000005,0.26400999999999997,
75.525,-35.381,0.26613000000000003,
75.524,-35.375,0.27548,
75.523,-35.368,0.0,
75.52199999999999,-35.361,0.0,
75.521,-35.354,0.11732999999999999,
75.52,-35.348,0.1946,
75.51899999999999,-35.341,0.19701,
75.518,-35.335,0.13846,
75.517,-35.329,0.12941,
75.516,-35.323,0.1285,
75.515,-35.317,0.15959,
75.514,-35.311,0.14207999999999998,
75.512,-35.306,0.16834000000000002,
75.51100000000001,-35.301,0.0,
75.51,-35.296,0.0,
75.508,-35.291,0.0,
75.507,-35.286,0.0,
75.505,-35.281,0.0,
75.50399999999999,-35.275999999999996,0.0,
75.503,-35.271,0.0,
75.501,-35.265,0.0,
75.5,-35.26,0.0,
75.498,-35.256,0.0,
75.497,-35.253,0.0,
75.495,-35.25,0.0,
75.493,-35.249,0.0,
75.491,-35.248000000000005,0.0,
75.48899999999999,-35.248000000000005,0.23231999999999997,
75.487,-35.249,0.2287,
75.486,-35.25,0.24319000000000002,
75.484,-35.251999999999995,0.1955,
75.482,-35.254,0.20063,
75.48,-35.257,0.16713,
75.479,-35.260999999999996,0.14148,
75.477,-35.265,0.14933,
75.476,-35.27,0.15385,
75.47399999999999,-35.274,0.15355,
75.473,-35.279,0.15385,
75.471,-35.284,0.15627,
75.47,-35.288000000000004,0.15597,
75.468,-35.293,0.13302999999999998,
75.467,-35.297,0.12971,
75.465,-35.302,0.14751,
75.464,-35.306,0.1282,
75.462,-35.31,0.14027,
75.46,-35.313,0.14359,
75.458,-35.315,0.13544,
75.457,-35.316,0.12367,
75.455,-35.317,0.12367,
75.453,-35.316,0.11370999999999999,
75.45100000000001,-35.315,0.18011,
75.449,-35.313,0.17196,
75.44800000000001,-35.31,0.10737000000000001,
75.446,-35.306,0.18041,
75.444,-35.302,0.18494000000000002,
75.443,-35.296,0.18705,
75.442,-35.291,0.18041,
75.441,-35.284,0.20184000000000002,
75.44,-35.277,0.20275,
75.44,-35.27,0.14419,
75.439,-35.263000000000005,0.15144000000000002,
75.439,-35.255,0.15053,
75.439,-35.248000000000005,0.13635,
75.439,-35.241,0.15717,
75.44,-35.233000000000004,0.14389000000000002,
75.441,-35.226,0.15446,
75.441,-35.219,0.15415,
75.442,-35.213,0.20154,
75.443,-35.207,0.23293000000000003,
75.444,-35.201,0.2112,
75.446,-35.195,0.22266,
75.447,-35.19,0.21663000000000002,
75.44800000000001,-35.184,0.18102000000000001,
75.45,-35.179,0.17075,
75.45100000000001,-35.174,0.16532,
75.452,-35.169000000000004,0.20275,
75.454,-35.164,0.19822,
75.455,-35.158,0.19701,
75.456,-35.153,0.18977,
75.457,-35.147,0.21874000000000002,
75.459,-35.141999999999996,0.22357,
75.46,-35.135999999999996,0.25858000000000003,
75.461,-35.13,0.11552,
75.46300000000001,-35.125,0.11914000000000001,
75.464,-35.12,0.12245999999999999,
75.465,-35.114000000000004,0.11824000000000001,
75.46600000000001,-35.109,0.10525999999999999,
75.468,-35.104,0.0,
75.469,-35.098,0.20848000000000003,
75.47,-35.093,0.20788,
75.472,-35.086999999999996,0.0,
75.473,-35.082,0.19369,
75.47399999999999,-35.076,0.17649,
75.475,-35.071,0.17557999999999999,
75.477,-35.065,0.21572,
75.47800000000001,-35.059,0.20726999999999998,
75.479,-35.054,0.17679,
75.48,-35.049,0.15747,
75.482,-35.043,0.16321,
75.483,-35.038000000000004,0.13785999999999998,
75.485,-35.033,0.17588,
75.486,-35.029,0.18102000000000001,
75.488,-35.025,0.22448,
75.48899999999999,-35.021,0.22899999999999998,
75.491,-35.018,0.22598000000000001,
75.493,-35.014,0.1946,
75.494,-35.012,0.23201999999999998,
75.49600000000001,-35.009,0.17800000000000002,
75.498,-35.007,0.18070999999999998,
75.5,-35.006,0.21904,
75.502,-35.004,0.18584,
75.50399999999999,-35.001999999999995,0.18825999999999998,
75.505,-35.0,0.21995,
75.507,-34.998000000000005,0.22116,
75.509,-34.996,0.19309,
75.51100000000001,-34.994,0.23021,
75.513,-34.992,0.22689,
75.514,-34.989000000000004,0.22478,
75.516,-34.986999999999995,0.1955,
75.518,-34.985,0.22236,
75.52,-34.983000000000004,0.19730999999999999,
75.52199999999999,-34.982,0.19610999999999998,
75.524,-34.982,0.19247999999999998,
75.525,-34.982,0.19188,
75.527,-34.982,0.22055,
75.529,-34.983000000000004,0.19852,
75.531,-34.985,0.21633000000000002,
75.533,-34.986999999999995,0.19943,
75.535,-34.989000000000004,0.19309,
75.536,-34.992,0.18796,
75.538,-34.995,0.0,
75.54,-34.999,0.0,
75.541,-35.003,0.0,
75.543,-35.006,0.0,
75.545,-35.01,0.0,
75.546,-35.014,0.0,
75.548,-35.018,0.0,
75.54899999999999,-35.022,0.0,
75.551,-35.025999999999996,0.0,
75.553,-35.03,0.0,
75.554,-35.034,0.0,
75.556,-35.038000000000004,0.0,
75.557,-35.042,0.0,
75.559,-35.047,0.0,
75.814,-36.025999999999996,0.0,
75.813,-36.023,0.12095999999999998,
75.812,-36.02,0.0,
75.811,-36.016999999999996,0.0,
75.81,-36.015,0.39379000000000003,
75.809,-36.013000000000005,0.39934000000000003,
75.807,-36.010999999999996,0.40651,
75.806,-36.01,0.40721999999999997,
75.805,-36.01,0.40888,
75.804,-36.01,0.41439,
75.80199999999999,-36.01,0.41653999999999997,
75.801,-36.01,0.41868999999999995,
75.8,-36.012,0.42299,
75.798,-36.013000000000005,0.42944,
75.797,-36.015,0.43015,
75.796,-36.016999999999996,0.4282,
75.795,-36.02,0.4323,
75.794,-36.023,0.44161999999999996,
75.793,-36.025999999999996,0.44454,
75.792,-36.03,0.44806999999999997,
75.791,-36.034,0.45093,
75.79,-36.038000000000004,0.45237,
75.789,-36.042,0.44878,
75.789,-36.047,0.44735,
75.788,-36.052,0.44735,
75.788,-36.056999999999995,0.44663,
75.788,-36.063,0.4452,
75.788,-36.068000000000005,0.44298999999999994,
75.788,-36.073,0.44377,
75.788,-36.079,0.42657,
75.788,-36.084,0.41473999999999994,
75.788,-36.089,0.39576,
75.789,-36.094,0.38500999999999996,
75.789,-36.099000000000004,0.37211,
75.79,-36.104,0.35707,
75.79,-36.109,0.35362,
75.791,-36.113,0.35362,
75.792,-36.117,0.35205,
75.793,-36.121,0.34007,
75.794,-36.125,0.33199,
75.795,-36.128,0.32339,
75.796,-36.131,0.32195,
75.797,-36.133,0.32195,
75.798,-36.135,0.31532,
75.79899999999999,-36.137,0.32266,
75.801,-36.138000000000005,0.32061999999999996,
75.80199999999999,-36.139,0.31046,
75.803,-36.139,0.32237,
75.805,-36.139,0.32353000000000004,
75.806,-36.139,0.31656,
75.807,-36.138000000000005,0.30762,
75.809,-36.137,0.29741999999999996,
75.81,-36.135,0.29236,
75.811,-36.133,0.28129,
75.812,-36.131,0.28152,
75.813,-36.128,0.26673,
75.814,-36.125,0.25949,
75.815,-36.122,0.25134,
75.816,-36.118,0.2459,
75.817,-36.114000000000004,0.24379,
75.818,-36.11,0.25647,
75.819,-36.105,0.26461999999999997,
75.819,-36.1,0.26733,
75.82,-36.095,0.2447,
75.82,-36.09,0.27681,
75.82,-36.085,0.28398,
75.821,-36.08,0.29544000000000004,
75.821,-36.075,0.30083000000000004,
75.821,-36.069,0.31834,
75.821,-36.064,0.32489,
75.821,-36.059,0.32750999999999997,
75.82,-36.053000000000004,0.32925,
75.82,-36.048,0.33448,
75.819,-36.043,0.33825,
75.819,-36.039,0.34231999999999996,
75.818,-36.034,0.34667,
75.817,-36.03,0.34986,
75.816,-36.025999999999996,0.35364,
75.815,-36.022,0.35654,
75.814,-36.019,0.36438000000000004,
75.813,-36.016,0.37048000000000003,
75.812,-36.014,0.37716,
75.811,-36.010999999999996,0.3847,
75.81,-36.01,0.38587,
75.808,-36.008,0.39311999999999997,
75.807,-36.007,0.3947,
75.806,-36.007,0.3962,
75.805,-36.007,0.40358,
75.803,-36.007,0.40996000000000005,
75.80199999999999,-36.008,0.41258,
75.801,-36.01,0.41548,
75.79899999999999,-36.010999999999996,0.42128999999999994,
75.798,-36.014,0.42071000000000003,
75.797,-36.016,0.42128999999999994,
75.796,-36.02,0.42100000000000004,
75.795,-36.023,0.42071000000000003,
75.794,-36.027,0.4178,
75.793,-36.031,0.4178,
75.793,-36.036,0.41838000000000003,
75.792,-36.04,0.41896000000000005,
75.791,-36.045,0.41925,
75.791,-36.05,0.41896000000000005,
75.791,-36.055,0.41867,
75.79,-36.061,0.41849,
75.79,-36.066,0.41896000000000005,
75.79,-36.071,0.41896000000000005,
75.79,-36.076,0.41758999999999996,
75.791,-36.082,0.41803999999999997,
75.791,-36.086999999999996,0.40633,
75.791,-36.092,0.39642,
75.792,-36.097,0.37705,
75.792,-36.102,0.36759000000000003,
75.793,-36.106,0.35994,
75.794,-36.11,0.35498,
75.795,-36.114000000000004,0.34958,
75.796,-36.118,0.33516,
75.797,-36.121,0.32255,
75.798,-36.124,0.314,
75.79899999999999,-36.126,0.31805,
75.8,-36.129,0.31444,
75.80199999999999,-36.13,0.32015,
75.803,-36.132,0.32769000000000004,
75.804,-36.133,0.33607,
75.805,-36.133,0.32928,
75.807,-36.133,0.32769000000000004,
75.808,-36.133,0.31733,
75.809,-36.132,0.31083,
75.811,-36.131,0.30541,
75.812,-36.129,0.29027,
75.813,-36.126999999999995,0.2782,
75.814,-36.125,0.27276999999999996,
75.815,-36.122,0.26461999999999997,
75.816,-36.119,0.2616,
75.817,-36.116,0.24953000000000003,
75.818,-36.111999999999995,0.24741,
75.819,-36.108000000000004,0.24138,
75.82,-36.104,0.25134,
75.821,-36.099000000000004,0.25766999999999995,
75.821,-36.095,0.24228000000000002,
75.822,-36.09,0.23956999999999998,
75.822,-36.085,0.22960999999999998,
75.82300000000001,-36.08,0.24983000000000002,
75.82300000000001,-36.074,0.27276999999999996,
75.82300000000001,-36.069,0.29902,
75.82300000000001,-36.064,0.31864000000000003,
75.82300000000001,-36.058,0.31532,
75.82300000000001,-36.053000000000004,0.32679,
75.82300000000001,-36.048,0.32377,
75.822,-36.043,0.3302,
75.822,-36.038000000000004,0.33305,
75.822,-36.033,0.34126999999999996,
75.821,-36.028,0.34317,
75.821,-36.023,0.34412,
75.82,-36.018,0.3457,
75.82,-36.013000000000005,0.3458,
75.819,-36.008,0.34665,
75.818,-36.004,0.34633,
75.817,-36.0,0.34539000000000003,
75.817,-35.995,0.34539000000000003,
75.816,-35.991,0.34539000000000003,
75.815,-35.986999999999995,0.34719,
75.814,-35.983000000000004,0.34981,
75.813,-35.979,0.35045,
75.812,-35.975,0.35170999999999997,
75.812,-35.971,0.35203,
75.811,-35.967,0.34502,
75.81,-35.963,0.34349,
75.809,-35.959,0.3452,
75.808,-35.955,0.34143,
75.807,-35.951,0.34358,
75.806,-35.946999999999996,0.34502,
75.805,-35.943000000000005,0.34287,
75.805,-35.939,0.34143,
75.804,-35.935,0.34137,
75.803,-35.931,0.34137,
75.80199999999999,-35.928000000000004,0.34046,
75.801,-35.924,0.33863000000000004,
75.8,-35.92,0.33596,
75.79899999999999,-35.916,0.33384,
75.798,-35.913000000000004,0.33281,
75.797,-35.909,0.33281,
75.796,-35.905,0.33555,
75.795,-35.902,0.33555,
75.794,-35.898,0.33555,
75.793,-35.894,0.33692,
75.792,-35.891,0.33829000000000004,
75.791,-35.887,0.34215999999999996,
75.79,-35.884,0.34445,
75.789,-35.88,0.34274,
75.788,-35.876999999999995,0.3416,
75.78699999999999,-35.874,0.3448,
75.786,-35.87,0.3456,
75.785,-35.867,0.34623000000000004,
75.78399999999999,-35.863,0.34722,
75.783,-35.86,0.34722,
75.782,-35.857,0.34722,
75.781,-35.853,0.3467,
75.78,-35.85,0.35199,
75.779,-35.846,0.36127,
75.778,-35.843,0.36183000000000004,
75.777,-35.84,0.36408,
75.77600000000001,-35.836999999999996,0.37138000000000004,
75.775,-35.833,0.38487,
75.774,-35.83,0.39668000000000003,
75.773,-35.827,0.40736,
75.77199999999999,-35.823,0.41129,
75.771,-35.82,0.41129,
75.77,-35.817,0.41523000000000004,
75.76899999999999,-35.814,0.41681,
75.768,-35.81,0.41523000000000004,
75.767,-35.806999999999995,0.41489,
75.766,-35.804,0.41466000000000003,
75.765,-35.801,0.41242,
75.764,-35.797,0.41185,
75.763,-35.794000000000004,0.4105,
75.762,-35.791,0.40097,
75.76100000000001,-35.788000000000004,0.39555,
75.76,-35.784,0.39007,
75.759,-35.782,0.38896,
75.757,-35.779,0.38111999999999996,
75.756,-35.777,0.38087,
75.755,-35.774,0.376,
75.75399999999999,-35.773,0.38487,
75.753,-35.771,0.38768,
75.751,-35.771,0.38768,
75.75,-35.77,0.38656,
75.749,-35.77,0.3905,
75.747,-35.77,0.38711999999999996,
75.74600000000001,-35.77,0.386,
75.745,-35.771,0.38319000000000003,
75.743,-35.772,0.38094,
75.742,-35.773,0.38487,
75.741,-35.775,0.38768,
75.74,-35.777,0.37925,
75.738,-35.778,0.37869,
75.737,-35.78,0.37925,
75.736,-35.782,0.38487,
75.735,-35.783,0.3856,
75.733,-35.785,0.386,
75.732,-35.786,0.38711999999999996,
75.73100000000001,-35.787,0.38993,
75.73,-35.789,0.38711999999999996,
75.72800000000001,-35.79,0.386,
75.727,-35.791,0.38544,
75.726,-35.792,0.38038,
75.725,-35.793,0.37869,
75.723,-35.794000000000004,0.37982,
75.722,-35.795,0.38038,
75.721,-35.796,0.38993,
75.719,-35.797,0.39161999999999997,
75.718,-35.798,0.39218000000000003,
75.717,-35.799,0.39331,
75.715,-35.8,0.39443,
75.714,-35.801,0.39319,
75.71300000000001,-35.802,0.0,
75.464,-36.051,0.0,
75.464,-36.052,0.0,
75.465,-36.052,0.0,
75.465,-36.053000000000004,0.0,
75.465,-36.054,0.0,
75.46600000000001,-36.055,0.0,
75.46600000000001,-36.056,0.0,
75.46600000000001,-36.056999999999995,0.0,
75.467,-36.058,0.0,
75.467,-36.059,0.0,
75.467,-36.06,0.0,
75.467,-36.062,0.0,
75.468,-36.063,0.0,
75.468,-36.064,0.0,
75.468,-36.065,0.0,
75.468,-36.066,0.0,
75.469,-36.068000000000005,0.0,
75.469,-36.069,0.0,
75.469,-36.071,0.0,
75.469,-36.071999999999996,0.0,
75.469,-36.073,0.0,
75.47,-36.075,0.0,
75.47,-36.076,0.0,
75.47,-36.078,0.40159,
75.47,-36.079,0.40242,
75.47,-36.080999999999996,0.41133000000000003,
75.47,-36.082,0.39903,
75.471,-36.084,0.39818000000000003,
75.471,-36.085,0.40242,
75.471,-36.086999999999996,0.40071999999999997,
75.471,-36.088,0.4177,
75.471,-36.09,0.40667,
75.471,-36.091,0.41091000000000005,
75.472,-36.093,0.4143,
75.472,-36.094,0.40581,
75.472,-36.095,0.4126,
75.472,-36.097,0.41515,
75.472,-36.098,0.41515,
75.473,-36.099000000000004,0.4126,
75.473,-36.101,0.40751,
75.473,-36.102,0.40751,
75.473,-36.103,0.38775,
75.47399999999999,-36.105,0.39651,
75.47399999999999,-36.106,0.40242,
75.47399999999999,-36.107,0.4113,
75.47399999999999,-36.109,0.40828000000000003,
75.47399999999999,-36.11,0.40496,
75.475,-36.111,0.38884,
75.475,-36.113,0.39308000000000004,
75.475,-36.114000000000004,0.38655,
75.475,-36.115,0.38413,
75.476,-36.117,0.39047,
75.476,-36.118,0.39168000000000003,
75.476,-36.119,0.39393,
75.476,-36.121,0.38884,
75.477,-36.122,0.38353000000000004,
75.477,-36.123000000000005,0.37961,
75.477,-36.124,0.36423,
75.477,-36.126,0.35574,
75.477,-36.126999999999995,0.35574,
75.47800000000001,-36.128,0.3615,
75.47800000000001,-36.13,0.35969,
75.47800000000001,-36.131,0.34761,
75.47800000000001,-36.132,0.28846,
75.479,-36.133,0.28393,
75.479,-36.135,0.22624,
75.479,-36.135999999999996,0.23004000000000002,
75.479,-36.137,0.2293,
75.48,-36.138000000000005,0.23685,
75.48,-36.14,0.22679000000000002,
75.48,-36.141,0.23323000000000002,
75.48100000000001,-36.141999999999996,0.22659,
75.48100000000001,-36.143,0.22538000000000002,
75.48100000000001,-36.145,0.2287,
75.48100000000001,-36.146,0.22899999999999998,
75.482,-36.147,0.21814,
75.482,-36.148,0.22598000000000001,
75.482,-36.149,0.22689,
75.482,-36.150999999999996,0.22991,
75.483,-36.152,0.22598000000000001,
75.483,-36.153,0.22386999999999999,
75.483,-36.154,0.22175999999999998,
75.483,-36.156,0.22055,
75.484,-36.157,0.21995,
75.484,-36.158,0.22144,
75.484,-36.159,0.21995,
75.484,-36.161,0.22027,
75.485,-36.162,0.21714,
75.485,-36.163000000000004,0.21519000000000002,
75.485,-36.164,0.21572,
75.485,-36.166,0.21391,
75.486,-36.167,0.21636,
75.486,-36.168,0.21128000000000002,
75.486,-36.169000000000004,0.21441,
75.486,-36.171,0.21481999999999998,
75.487,-36.172,0.2124,
75.487,-36.173,0.21452,
75.487,-36.174,0.22345,
75.487,-36.176,0.22116,
75.488,-36.177,0.22157,
75.488,-36.178000000000004,0.22238000000000002,
75.488,-36.179,0.21809,
75.488,-36.18,0.21595,
75.48899999999999,-36.181999999999995,0.22416999999999998,
75.48899999999999,-36.183,0.21729,
75.48899999999999,-36.184,0.21595,
75.49,-36.185,0.213,
75.49,-36.187,0.21702,
75.49,-36.188,0.21675,
75.49,-36.189,0.21595,
75.491,-36.19,0.21781999999999999,
75.491,-36.192,0.21648,
75.491,-36.193000000000005,0.21541,
75.491,-36.194,0.21541,
75.492,-36.195,0.2118,
75.492,-36.196999999999996,0.21300999999999998,
75.492,-36.198,0.21916,
75.492,-36.199,0.20576,
75.493,-36.2,0.20876,
75.493,-36.202,0.20745,
75.493,-36.203,0.20184000000000002,
75.493,-36.204,0.19760999999999998,
75.494,-36.205,0.20576,
75.494,-36.207,0.21059,
75.494,-36.208,0.2115,
75.494,-36.209,0.2111,
75.494,-36.211,0.20589000000000002,
75.495,-36.211999999999996,0.20636999999999997,
75.495,-36.213,0.20214000000000001,
75.495,-36.215,0.21029,
75.495,-36.216,0.21361,
75.49600000000001,-36.217,0.20198,
75.49600000000001,-36.219,0.20184000000000002,
75.49600000000001,-36.22,0.21074,
75.49600000000001,-36.221,0.21449000000000001,
75.497,-36.223,0.2172,
75.497,-36.224000000000004,0.21699000000000002,
75.497,-36.226,0.21491,
75.497,-36.227,0.21178000000000002,
75.497,-36.228,0.2118,
75.498,-36.23,0.20636999999999997,
75.498,-36.231,0.22055,
75.498,-36.232,0.21741,
75.498,-36.234,0.21845,
75.499,-36.235,0.21871999999999997,
75.499,-36.236,0.21866,
75.499,-36.238,0.22044,
75.499,-36.239000000000004,0.22366,
75.499,-36.24,0.23158,
75.5,-36.242,0.22241,
75.5,-36.243,0.22679000000000002,
75.5,-36.244,0.22596,
75.5,-36.246,0.22721,
75.501,-36.247,0.22887,
75.501,-36.248000000000005,0.22783,
75.501,-36.25,0.24114000000000002,
75.501,-36.251,0.24183000000000002,
75.501,-36.251999999999995,0.25083,
75.502,-36.253,0.25083,
75.502,-36.255,0.25014000000000003,
75.502,-36.256,0.25025,
75.502,-36.257,0.25151999999999997,
75.503,-36.259,0.26537,
75.503,-36.26,0.26468,
75.503,-36.260999999999996,0.26802,
75.503,-36.263000000000005,0.26745,
75.50399999999999,-36.264,0.27852,
75.50399999999999,-36.265,0.27318000000000003,
75.50399999999999,-36.266999999999996,0.26665,
75.50399999999999,-36.268,0.2626,
75.505,-36.269,0.26883,
75.505,-36.271,0.27203,
75.505,-36.272,0.26975,
75.505,-36.273,0.27318000000000003,
75.505,-36.275,0.27375,
75.506,-36.275999999999996,0.27299,
75.506,-36.277,0.27783,
75.506,-36.279,0.27366999999999997,
75.506,-36.28,0.27759,
75.507,-36.281,0.28454,
75.507,-36.283,0.27798,
75.507,-36.284,0.27814,
75.507,-36.285,0.27765,
75.507,-36.287,0.27331,
75.508,-36.288000000000004,0.27331,
75.508,-36.29,0.25906,
75.508,-36.291,0.25285,
75.508,-36.293,0.25727,
75.508,-36.294000000000004,0.24921999999999997,
75.508,-36.296,0.25556,
75.508,-36.298,0.24289000000000002,
75.508,-36.299,0.25375,
75.508,-36.301,0.24228000000000002,
75.508,-36.302,0.23958000000000002,
75.508,-36.304,0.23685,
75.508,-36.306,0.23142,
75.508,-36.306999999999995,0.23833000000000001,
75.508,-36.309,0.22926,
75.508,-36.31,0.22738000000000003,
75.508,-36.312,0.23176,
75.508,-36.314,0.2281,
75.508,-36.315,0.2281,
75.508,-36.317,0.22801,
75.508,-36.318000000000005,0.22629000000000002,
75.508,-36.32,0.22326999999999997,
75.508,-36.321,0.21425,
75.507,-36.323,0.21613000000000002,
75.507,-36.324,0.22749,
75.507,-36.326,0.23021,
75.507,-36.327,0.22205999999999998,
75.507,-36.328,0.22598000000000001,
75.506,-36.33,0.22749,
75.506,-36.330999999999996,0.21814,
75.506,-36.332,0.22296999999999997,
75.506,-36.333,0.21693,
75.505,-36.335,0.21603000000000003,
75.505,-36.336,0.21481999999999998,
75.505,-36.336999999999996,0.21391,
75.50399999999999,-36.338,0.20667,
75.50399999999999,-36.339,0.20063,
75.50399999999999,-36.34,0.20726999999999998,
75.503,-36.341,0.19973,
75.503,-36.341,0.21693,
75.503,-36.342,0.20908000000000002,
75.502,-36.343,0.21270999999999998,
75.502,-36.344,0.21452,
75.502,-36.345,0.21511999999999998,
75.501,-36.345,0.21723,
75.501,-36.346,0.21784,
75.501,-36.347,0.21361,
75.5,-36.348,0.21361,
75.5,-36.349000000000004,0.21420999999999998,
75.5,-36.349000000000004,0.21111999999999997,
75.499,-36.35,0.20969000000000002,
75.499,-36.351,0.20925,
75.498,-36.352,0.20726999999999998,
75.498,-36.353,0.21175,
75.498,-36.353,0.21832,
75.497,-36.354,0.22236,
75.497,-36.355,0.22116,
75.497,-36.356,0.22085,
75.49600000000001,-36.356,0.23231999999999997,
75.49600000000001,-36.357,0.23231999999999997,
75.49600000000001,-36.357,0.23176,
75.495,-36.357,0.23206999999999997,
75.495,-36.358000000000004,0.23413,
75.494,-36.358000000000004,0.23395,
75.494,-36.358000000000004,0.24083000000000002,
75.494,-36.359,0.23081,
75.493,-36.359,0.23956999999999998,
75.493,-36.359,0.23926,
75.492,-36.359,0.23383,
75.492,-36.359,0.23625,
75.492,-36.359,0.23895999999999998,
75.491,-36.359,0.22659,
75.488,-35.168,0.24076999999999998,
75.48899999999999,-35.165,0.25315,
75.49,-35.162,0.23353000000000002,
75.492,-35.159,0.22568000000000002,
75.493,-35.157,0.25918,
75.494,-35.155,0.0,
75.49600000000001,-35.155,0.20486,
75.497,-35.155,0.22719,
75.499,-35.155,0.0,
75.5,-35.156,0.0,
75.502,-35.158,0.0,
75.503,-35.16,0.0,
75.50399999999999,-35.163000000000004,0.0,
75.505,-35.167,0.13635,
75.506,-35.171,0.14329,
75.507,-35.175,0.18494000000000002,
75.508,-35.179,0.0,
75.509,-35.183,0.17106,
75.51,-35.188,0.0,
75.51100000000001,-35.192,0.16502,
75.513,-35.196,0.0,
75.514,-35.2,0.16380999999999998,
75.515,-35.204,0.16834000000000002,
75.516,-35.207,0.16834000000000002,
75.517,-35.211,0.16774,
75.518,-35.215,0.13454000000000002,
75.51899999999999,-35.218,0.13484000000000002,
75.52,-35.222,0.13393,
75.521,-35.226,0.10828,
75.52199999999999,-35.23,0.13030999999999998,
75.524,-35.234,0.13030999999999998,
75.525,-35.239000000000004,0.14207999999999998,
75.525,-35.243,0.12941,
75.52600000000001,-35.247,0.13454000000000002,
75.527,-35.251999999999995,0.11522,
75.528,-35.256,0.12125999999999999,
75.529,-35.260999999999996,0.12609,
75.53,-35.265,0.12428,
75.531,-35.27,0.11764000000000001,
75.532,-35.274,0.13393,
75.533,-35.279,0.11794,
75.53399999999999,-35.284,0.13212000000000002,
75.535,-35.288000000000004,0.12699000000000002,
75.536,-35.293,0.11975,
75.53699999999999,-35.297,0.0,
75.53699999999999,-35.302,0.25583,
75.538,-35.306999999999995,0.25822,
75.539,-35.312,0.25881,
75.54,-35.317,0.2606,
75.541,-35.321999999999996,0.26239,
75.541,-35.327,0.26478,
75.542,-35.332,0.26776,
75.543,-35.336999999999996,0.27074000000000004,
75.544,-35.341,0.28684,
75.544,-35.346,0.28684,
75.545,-35.351,0.28863,
75.546,-35.356,0.28446,
75.547,-35.361,0.27909,
75.547,-35.366,0.27371999999999996,
75.548,-35.372,0.27551,
75.54899999999999,-35.376999999999995,0.2773,
75.55,-35.382,0.2767,
75.55,-35.387,0.27610999999999997,
75.551,-35.391999999999996,0.27134,
75.55199999999999,-35.397,0.27074000000000004,
75.55199999999999,-35.402,0.26537,
75.553,-35.407,0.26358000000000004,
75.554,-35.412,0.26895,
75.555,-35.417,0.26537,
75.555,-35.422,0.2612,
75.556,-35.427,0.24688000000000002,
75.557,-35.431999999999995,0.24211,
75.558,-35.437,0.23615,
75.559,-35.442,0.21885,
75.559,-35.446999999999996,0.2105,
75.56,-35.452,0.18903,
75.561,-35.455999999999996,0.17889000000000002,
75.562,-35.461,0.18128,
75.563,-35.466,0.19798,
75.564,-35.471,0.2117,
75.564,-35.476,0.22601,
75.565,-35.481,0.25001999999999996,
75.566,-35.486,0.2924,
75.567,-35.491,0.31043000000000004,
75.567,-35.496,0.3378,
75.568,-35.501,0.0,
75.569,-35.506,0.0,
75.57,-35.510999999999996,0.0,
75.57,-35.516,0.0,
75.571,-35.521,0.0,
75.572,-35.525999999999996,0.0,
75.57300000000001,-35.532,0.0,
75.57300000000001,-35.536,0.0,
75.574,-35.541,0.0,
75.575,-35.546,0.0,
75.57600000000001,-35.551,0.0,
75.57600000000001,-35.556,0.0,
75.577,-35.561,0.0,
75.578,-35.566,0.0,
75.579,-35.571,0.0,
75.58,-35.576,0.0,
75.58,-35.580999999999996,0.0,
75.581,-35.586,0.0,
75.582,-35.591,0.0,
75.583,-35.596,0.0,
75.584,-35.601,0.0,
75.584,-35.606,0.0,
75.585,-35.611,0.0,
75.586,-35.616,0.0,
75.587,-35.621,0.0,
75.587,-35.625,0.0,
75.58800000000001,-35.631,0.0,
75.589,-35.635999999999996,0.0,
75.59,-35.641,0.0,
75.59,-35.646,0.0,
75.59100000000001,-35.650999999999996,0.0,
75.592,-35.656,0.0,
75.593,-35.661,0.0,
75.593,-35.666,0.0,
75.594,-35.671,0.0,
75.595,-35.676,0.0,
75.596,-35.681,0.0,
75.596,-35.686,0.0,
75.597,-35.691,0.0,
75.598,-35.696,0.0,
75.59899999999999,-35.701,0.0,
75.59899999999999,-35.705999999999996,0.0,
75.6,-35.711,0.0,
75.601,-35.716,0.24741,
75.602,-35.721,0.24631999999999998,
75.60300000000001,-35.726,0.24649000000000001,
75.60300000000001,-35.731,0.25101,
75.604,-35.736,0.25101,
75.605,-35.741,0.25073,
75.60600000000001,-35.746,0.23745,
75.60600000000001,-35.751,0.20596,
75.607,-35.756,0.19783,
75.608,-35.760999999999996,0.18118,
75.609,-35.766,0.18373,
75.61,-35.771,0.17649,
75.61,-35.775999999999996,0.17915,
75.611,-35.781,0.18092,
75.612,-35.786,0.18067,
75.613,-35.791,0.18193,
75.613,-35.796,0.18193,
75.61399999999999,-35.801,0.18294000000000002,
75.615,-35.806,0.18283,
75.616,-35.811,0.18554,
75.616,-35.816,0.18947,
75.617,-35.821,0.18916,
75.618,-35.826,0.19172999999999998,
75.619,-35.830999999999996,0.19369,
75.619,-35.836,0.19671,
75.62,-35.841,0.19369,
75.62100000000001,-35.846,0.19097999999999998,
75.622,-35.851,0.18886,
75.622,-35.856,0.19158,
75.623,-35.861,0.19693,
75.624,-35.866,0.19858,
75.625,-35.871,0.20037,
75.625,-35.876,0.20037,
75.626,-35.881,0.20037,
75.627,-35.885999999999996,0.20215999999999998,
75.628,-35.891,0.19852,
75.62899999999999,-35.896,0.2093,
75.62899999999999,-35.900999999999996,0.20706999999999998,
75.63,-35.906,0.20439000000000002,
75.631,-35.911,0.20551,
75.632,-35.916,0.20484000000000002,
75.632,-35.921,0.20551,
75.633,-35.926,0.20661999999999997,
75.634,-35.931,0.20685,
75.635,-35.937,0.20774,
75.635,-35.942,0.21420999999999998,
75.63600000000001,-35.948,0.21784,
75.63600000000001,-35.953,0.2281,
75.63600000000001,-35.959,0.24289000000000002,
75.63600000000001,-35.965,0.24404,
75.63600000000001,-35.971,0.24556999999999998,
75.63600000000001,-35.977,0.24979,
75.63600000000001,-35.983000000000004,0.24591999999999997,
75.63600000000001,-35.988,0.25516,
75.635,-35.994,0.24435,
75.635,-35.999,0.26244,
75.634,-36.004,0.25275,
75.633,-36.009,0.25327,
75.632,-36.014,0.25537,
75.631,-36.018,0.26797,
75.63,-36.022,0.28181,
75.62899999999999,-36.025999999999996,0.28998,
75.628,-36.029,0.2918,
75.626,-36.032,0.31314000000000003,
75.625,-36.035,0.31133,
75.624,-36.038000000000004,0.30361,
75.623,-36.041,0.29725,
75.62100000000001,-36.043,0.29134,
75.62,-36.047,0.2809,
75.619,-36.05,0.28045,
75.618,-36.053000000000004,0.25956,
75.617,-36.056999999999995,0.25865,
75.615,-36.061,0.25774,
75.61399999999999,-36.064,0.2591,
75.613,-36.068000000000005,0.25547,
75.612,-36.071999999999996,0.25194,
75.611,-36.076,0.25194,
75.61,-36.08,0.23806,
75.609,-36.084,0.23685,
75.608,-36.089,0.24108000000000002,
75.607,-36.093,0.24138,
75.60600000000001,-36.097,0.2447,
75.605,-36.101,0.24493,
75.604,-36.106,0.24703000000000003,
75.60300000000001,-36.11,0.2525,
75.602,-36.114000000000004,0.25292,
75.601,-36.118,0.25838,
75.6,-36.122,0.25881,
75.59899999999999,-36.126999999999995,0.26554,
75.598,-36.131,0.26788,
75.597,-36.135,0.28194,
75.596,-36.139,0.2832,
75.595,-36.143,0.28699,
75.594,-36.147,0.28741,
75.593,-36.150999999999996,0.29918,
75.59100000000001,-36.155,0.30801999999999996,
75.59,-36.159,0.3219,
75.589,-36.163000000000004,0.3261,
75.58800000000001,-36.167,0.33283,
75.587,-36.171,0.33704,
75.586,-36.175,0.33157,
75.585,-36.179,0.33578,
75.584,-36.183,0.33533,
75.583,-36.186,0.32821,
75.581,-36.19,0.32652,
75.58,-36.193000000000005,0.32568,
75.579,-36.196999999999996,0.31601,
75.578,-36.2,0.31222,
75.577,-36.204,0.30885999999999997,
75.57600000000001,-36.207,0.30086999999999997,
75.574,-36.21,0.29875999999999997,
75.57300000000001,-36.213,0.29625999999999997,
75.572,-36.215,0.29624,
75.57,-36.217,0.2914,
75.569,-36.219,0.2833,
75.567,-36.22,0.24745,
75.566,-36.22,0.23273000000000002,
75.565,-36.22,0.2281,
75.563,-36.22,0.22749,
75.562,-36.22,0.22116,
75.56,-36.219,0.20969000000000002,
75.559,-36.218,0.20275,
75.557,-36.216,0.19822,
75.556,-36.214,0.1955,
75.555,-36.211999999999996,0.19792,
75.553,-36.21,0.0,
75.55199999999999,-36.207,0.0,
75.736,-36.967,0.12005,
75.737,-36.972,0.0,
75.737,-36.978,0.0,
75.737,-36.984,0.0,
75.737,-36.991,0.0,
75.737,-36.997,0.1119,
75.737,-37.003,0.0,
75.737,-37.009,0.0,
75.737,-37.015,0.0,
75.736,-37.021,0.0,
75.736,-37.025999999999996,0.0,
75.735,-37.032,0.0,
75.734,-37.037,0.0,
75.733,-37.043,0.0,
75.733,-37.048,0.0,
75.732,-37.053000000000004,0.0,
75.73100000000001,-37.056999999999995,0.0,
75.73,-37.062,0.0,
75.729,-37.066,0.0,
75.72800000000001,-37.071,0.0,
75.726,-37.075,0.0,
75.725,-37.079,0.0,
75.72399999999999,-37.082,0.0,
75.723,-37.086,0.11945,
75.721,-37.089,0.11069000000000001,
75.72,-37.092,0.0,
75.719,-37.095,0.11341,
75.718,-37.098,0.111,
75.71600000000001,-37.101,0.11039000000000002,
75.715,-37.104,0.10828,
75.71300000000001,-37.106,0.11039000000000002,
75.712,-37.109,0.111,
75.711,-37.111999999999995,0.10647000000000001,
75.709,-37.114000000000004,0.0,
75.708,-37.117,0.0,
75.707,-37.119,0.0,
75.705,-37.122,0.0,
75.704,-37.124,0.0,
75.702,-37.126999999999995,0.0,
75.70100000000001,-37.129,0.0,
75.7,-37.131,0.0,
75.69800000000001,-37.133,0.0,
75.697,-37.135,0.0,
75.695,-37.137,0.0,
75.694,-37.138000000000005,0.0,
75.692,-37.138000000000005,0.0,
75.691,-37.139,0.097414,
75.689,-37.139,0.099829,
75.688,-37.139,0.0,
75.686,-37.139,0.0,
75.685,-37.139,0.0,
75.683,-37.138000000000005,0.10949,
75.682,-37.138000000000005,0.10918,
75.68,-37.137,0.11310999999999999,
75.679,-37.135999999999996,0.10918,
75.67699999999999,-37.135,0.10828,
75.676,-37.133,0.0,
75.67399999999999,-37.132,0.0,
75.673,-37.13,0.0,
75.671,-37.128,0.0,
75.67,-37.126,0.0,
75.669,-37.124,0.0,
75.667,-37.121,0.0,
75.666,-37.118,0.0,
75.665,-37.115,0.0,
75.663,-37.111999999999995,0.0,
75.66199999999999,-37.109,0.0,
75.661,-37.106,0.16743,
75.65899999999999,-37.102,0.0,
75.658,-37.098,0.0,
75.657,-37.095,0.0,
75.656,-37.091,0.0,
75.655,-37.086999999999996,0.17015,
75.654,-37.083,0.16502,
75.653,-37.078,0.15687,
75.65100000000001,-37.074,0.16592,
75.65,-37.07,0.14087,
75.649,-37.065,0.13393,
75.648,-37.061,0.14962999999999999,
75.64699999999999,-37.056,0.14690999999999999,
75.646,-37.051,0.13092,
75.645,-37.046,0.1291,
75.645,-37.042,0.13152,
75.64399999999999,-37.037,0.14118,
75.643,-37.032,0.1279,
75.642,-37.027,0.13725,
75.641,-37.023,0.10979000000000001,
75.64,-37.018,0.14027,
75.639,-37.013000000000005,0.13937,
75.638,-37.008,0.1122,
75.637,-37.003,0.14329,
75.63600000000001,-36.998000000000005,0.1116,
75.635,-36.993,0.11945,
75.634,-36.988,0.13605,
75.634,-36.983000000000004,0.12458,
75.633,-36.978,0.15265,
75.632,-36.973,0.15355,
75.631,-36.968,0.13393,
75.63,-36.963,0.13182,
75.62899999999999,-36.958,0.15536,
75.62899999999999,-36.953,0.16291,
75.628,-36.948,0.13574,
75.627,-36.943000000000005,0.14962999999999999,
75.626,-36.938,0.14238,
75.625,-36.933,0.16079000000000002,
75.624,-36.927,0.1614,
75.623,-36.922,0.16623,
75.623,-36.917,0.16985,
75.622,-36.912,0.16592,
75.62100000000001,-36.907,0.17135999999999998,
75.62,-36.902,0.18886,
75.619,-36.897,0.18825999999999998,
75.618,-36.891999999999996,0.1949,
75.617,-36.887,0.16291,
75.616,-36.883,0.13906,
75.615,-36.878,0.16743,
75.61399999999999,-36.874,0.14842,
75.613,-36.87,0.13785999999999998,
75.612,-36.865,0.13273,
75.611,-36.861,0.13544,
75.61,-36.857,0.13785999999999998,
75.609,-36.854,0.11582,
75.607,-36.85,0.11432,
75.60600000000001,-36.847,0.11009000000000001,
75.605,-36.844,0.11945,
75.60300000000001,-36.841,0.0,
75.602,-36.838,0.0,
75.601,-36.836,0.20486,
75.59899999999999,-36.834,0.20093,
75.598,-36.832,0.20939000000000002,
75.596,-36.83,0.2112,
75.595,-36.829,0.18342999999999998,
75.593,-36.827,0.20265999999999998,
75.592,-36.827,0.21684,
75.59,-36.826,0.20929,
75.589,-36.825,0.21858000000000002,
75.587,-36.824,0.22118000000000002,
75.586,-36.824,0.22605,
75.584,-36.823,0.22744,
75.583,-36.821999999999996,0.20372,
75.581,-36.821999999999996,0.23334000000000002,
75.58,-36.821,0.23488,
75.578,-36.821,0.25166,
75.577,-36.82,0.25129,
75.575,-36.82,0.26235,
75.574,-36.819,0.26268,
75.572,-36.819,0.26473,
75.571,-36.818000000000005,0.26763000000000003,
75.569,-36.818000000000005,0.28091,
75.568,-36.817,0.2714,
75.566,-36.817,0.26673,
75.565,-36.816,0.27082,
75.563,-36.816,0.26937,
75.562,-36.816,0.26371,
75.56,-36.816,0.26903,
75.559,-36.816,0.26941,
75.557,-36.817,0.27016999999999997,
75.556,-36.818000000000005,0.2753,
75.554,-36.819,0.29115,
75.553,-36.821,0.29596,
75.551,-36.823,0.30746,
75.55,-36.825,0.31911,
75.54899999999999,-36.828,0.32222,
75.547,-36.83,0.32998,
75.546,-36.833,0.0,
75.545,-36.836999999999996,0.11794,
75.543,-36.84,0.13967000000000002,
75.542,-36.844,0.1448,
75.541,-36.849000000000004,0.13876,
75.54,-36.853,0.13893,
75.539,-36.858000000000004,0.13956,
75.538,-36.863,0.14144,
75.538,-36.868,0.14185999999999999,
75.53699999999999,-36.874,0.14607,
75.53699999999999,-36.879,0.14790999999999999,
75.536,-36.885,0.15786,
75.536,-36.891,0.19175999999999999,
75.536,-36.897,0.20005,
75.536,-36.903,0.20414000000000002,
75.536,-36.909,0.20638,
75.536,-36.915,0.21029,
75.53699999999999,-36.921,0.21400999999999998,
75.53699999999999,-36.927,0.22426,
75.538,-36.931999999999995,0.23451,
75.538,-36.938,0.24850999999999998,
75.539,-36.943000000000005,0.26452,
75.54,-36.948,0.27357,
75.541,-36.952,0.29654,
75.542,-36.955999999999996,0.31742,
75.544,-36.96,0.32394,
75.545,-36.964,0.30839,
75.546,-36.967,0.29786999999999997,
75.547,-36.97,0.2837,
75.54899999999999,-36.972,0.0,
75.55,-36.975,0.0,
75.55199999999999,-36.977,0.0,
75.553,-36.979,0.0,
75.554,-36.98,0.0,
75.556,-36.981,0.0,
75.557,-36.982,0.0,
75.559,-36.982,0.0,
75.56,-36.982,0.0,
75.562,-36.982,0.19912,
75.563,-36.981,0.19943,
75.565,-36.98,0.19309,
75.566,-36.978,0.20093,
75.568,-36.976,0.20474,
75.569,-36.974000000000004,0.18494000000000002,
75.571,-36.972,0.20474,
75.572,-36.969,0.20697,
75.57300000000001,-36.967,0.20715999999999998,
75.575,-36.964,0.20197,
75.57600000000001,-36.961,0.20335999999999999,
75.577,-36.958,0.20265999999999998,
75.579,-36.955,0.21,
75.58,-36.952,0.2085,
75.581,-36.949,0.20501,
75.583,-36.945,0.19902,
75.584,-36.942,0.19752999999999998,
75.585,-36.939,0.20636999999999997,
75.586,-36.936,0.2085,
75.58800000000001,-36.931999999999995,0.19218,
75.589,-36.929,0.2085,
75.59,-36.926,0.21548,
75.59100000000001,-36.922,0.23534000000000002,
75.593,-36.919000000000004,0.21299,
75.594,-36.915,0.22096999999999997,
75.595,-36.911,0.0,
75.596,-36.908,0.22496,
75.598,-36.904,0.22396,
75.59899999999999,-36.9,0.22446,
75.6,-36.895,0.22751999999999997,
75.601,-36.891,0.22646,
75.602,-36.887,0.22688000000000003,
75.60300000000001,-36.883,0.2224,
75.604,-36.878,0.22784000000000001,
75.605,-36.874,0.22816,
75.60600000000001,-36.87,0.22296,
75.607,-36.866,0.22624,
75.608,-36.861999999999995,0.22646,
75.61,-36.857,0.22655999999999998,
75.611,-36.853,0.24047,
75.612,-36.849000000000004,0.23564000000000002,
75.613,-36.845,0.22689,
75.61399999999999,-36.841,0.23201999999999998,
75.615,-36.836999999999996,0.23142,
75.616,-36.833,0.22146,
75.617,-36.829,0.22749,
75.619,-36.825,0.23353000000000002,
75.62,-36.821,0.23142,
75.62100000000001,-36.818000000000005,0.22205999999999998,
75.622,-36.814,0.21693,
75.623,-36.81,0.23262,
75.625,-36.806,0.23323000000000002,
75.626,-36.802,0.21059,
